tick	packet	path	batch	kind	dst_xy	dst_addr	old	new	old_raw	new_raw	src_uv	taps	tap_state	blend	state	test	classification
259	5470	3	0	batch	-	-	-	-	-	-	rect=(0,0)-(30,445) uv0=(0,0) uv1=(32,447)	-	-	-	fst=1 tme=1 abe=0 frame=fbp112,fbw8,psm1,fbmsk=0xff000000 tex=tbp0-0,tbw8,psm0,tw10,th9,tcc0,tfx0,cbp0,cpsm0,csm0,csa0,cld0 clamp=0x5 xyoff=(28672,29184) tex1=0x61 texa=(ta0=128,aem=0,ta1=128) alpha=0x8000000064 pabe=0 lin=1 texWH=(1024,512) vrt=(128,128,128,128)	test=0x30000	batch-candidate
259	5470	3	1	batch	-	-	-	-	-	-	rect=(31,0)-(62,445) uv0=(32,0) uv1=(64,447)	-	-	-	fst=1 tme=1 abe=0 frame=fbp112,fbw8,psm1,fbmsk=0xff000000 tex=tbp0-0,tbw8,psm0,tw10,th9,tcc0,tfx0,cbp0,cpsm0,csm0,csa0,cld0 clamp=0x5 xyoff=(28672,29184) tex1=0x61 texa=(ta0=128,aem=0,ta1=128) alpha=0x8000000064 pabe=0 lin=1 texWH=(1024,512) vrt=(128,128,128,128)	test=0x30000	batch-candidate
259	5470	3	2	batch	-	-	-	-	-	-	rect=(63,0)-(94,445) uv0=(64,0) uv1=(96,447)	-	-	-	fst=1 tme=1 abe=0 frame=fbp112,fbw8,psm1,fbmsk=0xff000000 tex=tbp0-0,tbw8,psm0,tw10,th9,tcc0,tfx0,cbp0,cpsm0,csm0,csa0,cld0 clamp=0x5 xyoff=(28672,29184) tex1=0x61 texa=(ta0=128,aem=0,ta1=128) alpha=0x8000000064 pabe=0 lin=1 texWH=(1024,512) vrt=(128,128,128,128)	test=0x30000	batch-candidate
259	5470	3	3	batch	-	-	-	-	-	-	rect=(95,0)-(126,445) uv0=(96,0) uv1=(128,447)	-	-	-	fst=1 tme=1 abe=0 frame=fbp112,fbw8,psm1,fbmsk=0xff000000 tex=tbp0-0,tbw8,psm0,tw10,th9,tcc0,tfx0,cbp0,cpsm0,csm0,csa0,cld0 clamp=0x5 xyoff=(28672,29184) tex1=0x61 texa=(ta0=128,aem=0,ta1=128) alpha=0x8000000064 pabe=0 lin=1 texWH=(1024,512) vrt=(128,128,128,128)	test=0x30000	batch-candidate
259	5470	3	4	batch	-	-	-	-	-	-	rect=(127,0)-(158,445) uv0=(128,0) uv1=(160,447)	-	-	-	fst=1 tme=1 abe=0 frame=fbp112,fbw8,psm1,fbmsk=0xff000000 tex=tbp0-0,tbw8,psm0,tw10,th9,tcc0,tfx0,cbp0,cpsm0,csm0,csa0,cld0 clamp=0x5 xyoff=(28672,29184) tex1=0x61 texa=(ta0=128,aem=0,ta1=128) alpha=0x8000000064 pabe=0 lin=1 texWH=(1024,512) vrt=(128,128,128,128)	test=0x30000	batch-candidate
259	5470	3	5	batch	-	-	-	-	-	-	rect=(159,0)-(190,445) uv0=(160,0) uv1=(192,447)	-	-	-	fst=1 tme=1 abe=0 frame=fbp112,fbw8,psm1,fbmsk=0xff000000 tex=tbp0-0,tbw8,psm0,tw10,th9,tcc0,tfx0,cbp0,cpsm0,csm0,csa0,cld0 clamp=0x5 xyoff=(28672,29184) tex1=0x61 texa=(ta0=128,aem=0,ta1=128) alpha=0x8000000064 pabe=0 lin=1 texWH=(1024,512) vrt=(128,128,128,128)	test=0x30000	batch-candidate
259	5470	3	6	batch	-	-	-	-	-	-	rect=(191,0)-(222,445) uv0=(192,0) uv1=(224,447)	-	-	-	fst=1 tme=1 abe=0 frame=fbp112,fbw8,psm1,fbmsk=0xff000000 tex=tbp0-0,tbw8,psm0,tw10,th9,tcc0,tfx0,cbp0,cpsm0,csm0,csa0,cld0 clamp=0x5 xyoff=(28672,29184) tex1=0x61 texa=(ta0=128,aem=0,ta1=128) alpha=0x8000000064 pabe=0 lin=1 texWH=(1024,512) vrt=(128,128,128,128)	test=0x30000	batch-candidate
259	5470	3	7	batch	-	-	-	-	-	-	rect=(223,0)-(254,445) uv0=(224,0) uv1=(256,447)	-	-	-	fst=1 tme=1 abe=0 frame=fbp112,fbw8,psm1,fbmsk=0xff000000 tex=tbp0-0,tbw8,psm0,tw10,th9,tcc0,tfx0,cbp0,cpsm0,csm0,csa0,cld0 clamp=0x5 xyoff=(28672,29184) tex1=0x61 texa=(ta0=128,aem=0,ta1=128) alpha=0x8000000064 pabe=0 lin=1 texWH=(1024,512) vrt=(128,128,128,128)	test=0x30000	batch-candidate
259	5470	3	8	batch	-	-	-	-	-	-	rect=(255,0)-(286,445) uv0=(256,0) uv1=(288,447)	-	-	-	fst=1 tme=1 abe=0 frame=fbp112,fbw8,psm1,fbmsk=0xff000000 tex=tbp0-0,tbw8,psm0,tw10,th9,tcc0,tfx0,cbp0,cpsm0,csm0,csa0,cld0 clamp=0x5 xyoff=(28672,29184) tex1=0x61 texa=(ta0=128,aem=0,ta1=128) alpha=0x8000000064 pabe=0 lin=1 texWH=(1024,512) vrt=(128,128,128,128)	test=0x30000	batch-candidate
259	5470	3	9	batch	-	-	-	-	-	-	rect=(287,0)-(318,445) uv0=(288,0) uv1=(320,447)	-	-	-	fst=1 tme=1 abe=0 frame=fbp112,fbw8,psm1,fbmsk=0xff000000 tex=tbp0-0,tbw8,psm0,tw10,th9,tcc0,tfx0,cbp0,cpsm0,csm0,csa0,cld0 clamp=0x5 xyoff=(28672,29184) tex1=0x61 texa=(ta0=128,aem=0,ta1=128) alpha=0x8000000064 pabe=0 lin=1 texWH=(1024,512) vrt=(128,128,128,128)	test=0x30000	batch-candidate
259	5470	3	10	batch	-	-	-	-	-	-	rect=(319,0)-(350,445) uv0=(320,0) uv1=(352,447)	-	-	-	fst=1 tme=1 abe=0 frame=fbp112,fbw8,psm1,fbmsk=0xff000000 tex=tbp0-0,tbw8,psm0,tw10,th9,tcc0,tfx0,cbp0,cpsm0,csm0,csa0,cld0 clamp=0x5 xyoff=(28672,29184) tex1=0x61 texa=(ta0=128,aem=0,ta1=128) alpha=0x8000000064 pabe=0 lin=1 texWH=(1024,512) vrt=(128,128,128,128)	test=0x30000	batch-candidate
259	5470	3	10	pixel	(342,377)	0019ae38	00302f3b	00353341	dc302f3b	dc353341	interpF=(343.500,378.500) quantF=(343.5000,378.5000) preI=(343,378) postSingle=(343,378)	pre=(343,378);(344,378);(343,379);(344,379) post=(343,378);(344,378);(343,379);(344,379)	addrs=(000bae74,000baf40,000bae7c,000baf48) words=(63353341,66302e3d,8004051d,8004051d) rgba=(63353341,66302e3d,8004051d,8004051d)	texel=63353341 fx=0.0000 fy=0.0000	clamp=0x5 wrapUV=(1,1) regionU=(0,0) regionV=(0,0) xyoff=(28672,29184) tex0=(tbp0=0,tbw=8,psm=0,tw=10,th=9,tcc=0,tfx=0,cbp=0,cpsm=0,csm=0,csa=0,cld=0) texWH=(1024,512) lin=1 tex1=0x61 texa=(ta0=128,aem=0,ta1=128) frame=(fbp=112,fbw=8,psm=1,fbmsk=0xff000000) alpha=0x8000000064 abe=0 pabe=0 vrt=(128,128,128,128) rgba-in=(65,51,53,128) z=0	test=0x30000 write=accepted-write-changed	accepted-write-changed
259	5470	3	11	batch	-	-	-	-	-	-	rect=(351,0)-(382,445) uv0=(352,0) uv1=(384,447)	-	-	-	fst=1 tme=1 abe=0 frame=fbp112,fbw8,psm1,fbmsk=0xff000000 tex=tbp0-0,tbw8,psm0,tw10,th9,tcc0,tfx0,cbp0,cpsm0,csm0,csa0,cld0 clamp=0x5 xyoff=(28672,29184) tex1=0x61 texa=(ta0=128,aem=0,ta1=128) alpha=0x8000000064 pabe=0 lin=1 texWH=(1024,512) vrt=(128,128,128,128)	test=0x30000	batch-candidate
259	5470	3	12	batch	-	-	-	-	-	-	rect=(383,0)-(414,445) uv0=(384,0) uv1=(416,447)	-	-	-	fst=1 tme=1 abe=0 frame=fbp112,fbw8,psm1,fbmsk=0xff000000 tex=tbp0-0,tbw8,psm0,tw10,th9,tcc0,tfx0,cbp0,cpsm0,csm0,csa0,cld0 clamp=0x5 xyoff=(28672,29184) tex1=0x61 texa=(ta0=128,aem=0,ta1=128) alpha=0x8000000064 pabe=0 lin=1 texWH=(1024,512) vrt=(128,128,128,128)	test=0x30000	batch-candidate
259	5470	3	13	batch	-	-	-	-	-	-	rect=(415,0)-(446,445) uv0=(416,0) uv1=(448,447)	-	-	-	fst=1 tme=1 abe=0 frame=fbp112,fbw8,psm1,fbmsk=0xff000000 tex=tbp0-0,tbw8,psm0,tw10,th9,tcc0,tfx0,cbp0,cpsm0,csm0,csa0,cld0 clamp=0x5 xyoff=(28672,29184) tex1=0x61 texa=(ta0=128,aem=0,ta1=128) alpha=0x8000000064 pabe=0 lin=1 texWH=(1024,512) vrt=(128,128,128,128)	test=0x30000	batch-candidate
259	5470	3	14	batch	-	-	-	-	-	-	rect=(447,0)-(478,445) uv0=(448,0) uv1=(480,447)	-	-	-	fst=1 tme=1 abe=0 frame=fbp112,fbw8,psm1,fbmsk=0xff000000 tex=tbp0-0,tbw8,psm0,tw10,th9,tcc0,tfx0,cbp0,cpsm0,csm0,csa0,cld0 clamp=0x5 xyoff=(28672,29184) tex1=0x61 texa=(ta0=128,aem=0,ta1=128) alpha=0x8000000064 pabe=0 lin=1 texWH=(1024,512) vrt=(128,128,128,128)	test=0x30000	batch-candidate
259	5470	3	15	batch	-	-	-	-	-	-	rect=(479,0)-(510,445) uv0=(480,0) uv1=(512,447)	-	-	-	fst=1 tme=1 abe=0 frame=fbp112,fbw8,psm1,fbmsk=0xff000000 tex=tbp0-0,tbw8,psm0,tw10,th9,tcc0,tfx0,cbp0,cpsm0,csm0,csa0,cld0 clamp=0x5 xyoff=(28672,29184) tex1=0x61 texa=(ta0=128,aem=0,ta1=128) alpha=0x8000000064 pabe=0 lin=1 texWH=(1024,512) vrt=(128,128,128,128)	test=0x30000	batch-candidate
259	5470	3	16	batch	-	-	-	-	-	-	rect=(0,446)-(511,446) uv0=(0,447) uv1=(512,447)	-	-	-	fst=1 tme=1 abe=0 frame=fbp112,fbw8,psm1,fbmsk=0xff000000 tex=tbp0-0,tbw8,psm0,tw10,th9,tcc0,tfx0,cbp0,cpsm0,csm0,csa0,cld0 clamp=0x5 xyoff=(28672,29184) tex1=0x61 texa=(ta0=128,aem=0,ta1=128) alpha=0x8000000064 pabe=0 lin=1 texWH=(1024,512) vrt=(128,128,128,128)	test=0x30000	batch-candidate
