tick,live_vram,nearest_vram,path1_rtz_vram,all_rtz_vram,nearest_match,path1_rtz_match,all_rtz_match
1,ce1c9dc5,ce1c9dc5,ce1c9dc5,ce1c9dc5,1,1,1
2,ce1c9dc5,ce1c9dc5,ce1c9dc5,ce1c9dc5,1,1,1
3,ce1c9dc5,ce1c9dc5,ce1c9dc5,ce1c9dc5,1,1,1
4,ce1c9dc5,ce1c9dc5,ce1c9dc5,ce1c9dc5,1,1,1
5,ce1c9dc5,ce1c9dc5,ce1c9dc5,ce1c9dc5,1,1,1
6,ce1c9dc5,ce1c9dc5,ce1c9dc5,ce1c9dc5,1,1,1
7,ce1c9dc5,ce1c9dc5,ce1c9dc5,ce1c9dc5,1,1,1
8,ce1c9dc5,ce1c9dc5,ce1c9dc5,ce1c9dc5,1,1,1
9,ce1c9dc5,ce1c9dc5,ce1c9dc5,ce1c9dc5,1,1,1
10,ce1c9dc5,ce1c9dc5,ce1c9dc5,ce1c9dc5,1,1,1
11,ce1c9dc5,ce1c9dc5,ce1c9dc5,ce1c9dc5,1,1,1
12,ce1c9dc5,ce1c9dc5,ce1c9dc5,ce1c9dc5,1,1,1
13,ce1c9dc5,ce1c9dc5,ce1c9dc5,ce1c9dc5,1,1,1
14,ce1c9dc5,ce1c9dc5,ce1c9dc5,ce1c9dc5,1,1,1
15,ce1c9dc5,ce1c9dc5,ce1c9dc5,ce1c9dc5,1,1,1
16,ce1c9dc5,ce1c9dc5,ce1c9dc5,ce1c9dc5,1,1,1
17,ce1c9dc5,ce1c9dc5,ce1c9dc5,ce1c9dc5,1,1,1
18,ce1c9dc5,ce1c9dc5,ce1c9dc5,ce1c9dc5,1,1,1
19,ce1c9dc5,ce1c9dc5,ce1c9dc5,ce1c9dc5,1,1,1
20,ce1c9dc5,ce1c9dc5,ce1c9dc5,ce1c9dc5,1,1,1
21,ce1c9dc5,ce1c9dc5,ce1c9dc5,ce1c9dc5,1,1,1
22,ce1c9dc5,ce1c9dc5,ce1c9dc5,ce1c9dc5,1,1,1
23,ce1c9dc5,ce1c9dc5,ce1c9dc5,ce1c9dc5,1,1,1
24,ce1c9dc5,ce1c9dc5,ce1c9dc5,ce1c9dc5,1,1,1
25,ce1c9dc5,ce1c9dc5,ce1c9dc5,ce1c9dc5,1,1,1
26,ce1c9dc5,ce1c9dc5,ce1c9dc5,ce1c9dc5,1,1,1
27,ce1c9dc5,ce1c9dc5,ce1c9dc5,ce1c9dc5,1,1,1
28,ce1c9dc5,ce1c9dc5,ce1c9dc5,ce1c9dc5,1,1,1
29,ce1c9dc5,ce1c9dc5,ce1c9dc5,ce1c9dc5,1,1,1
30,ce1c9dc5,ce1c9dc5,ce1c9dc5,ce1c9dc5,1,1,1
31,ce1c9dc5,ce1c9dc5,ce1c9dc5,ce1c9dc5,1,1,1
32,ce1c9dc5,ce1c9dc5,ce1c9dc5,ce1c9dc5,1,1,1
33,ce1c9dc5,ce1c9dc5,ce1c9dc5,ce1c9dc5,1,1,1
34,ce1c9dc5,ce1c9dc5,ce1c9dc5,ce1c9dc5,1,1,1
35,ce1c9dc5,ce1c9dc5,ce1c9dc5,ce1c9dc5,1,1,1
36,ce1c9dc5,ce1c9dc5,ce1c9dc5,ce1c9dc5,1,1,1
37,ce1c9dc5,ce1c9dc5,ce1c9dc5,ce1c9dc5,1,1,1
38,ce1c9dc5,ce1c9dc5,ce1c9dc5,ce1c9dc5,1,1,1
39,ce1c9dc5,ce1c9dc5,ce1c9dc5,ce1c9dc5,1,1,1
40,ce1c9dc5,ce1c9dc5,ce1c9dc5,ce1c9dc5,1,1,1
41,ce1c9dc5,ce1c9dc5,ce1c9dc5,ce1c9dc5,1,1,1
42,ce1c9dc5,ce1c9dc5,ce1c9dc5,ce1c9dc5,1,1,1
43,ce1c9dc5,ce1c9dc5,ce1c9dc5,ce1c9dc5,1,1,1
44,d5ed42e7,d5ed42e7,d5ed42e7,d5ed42e7,1,1,1
45,3c6df95c,3c6df95c,3c6df95c,3c6df95c,1,1,1
46,c5fb130a,c5fb130a,c5fb130a,c5fb130a,1,1,1
47,6f99a4c9,6f99a4c9,6f99a4c9,6f99a4c9,1,1,1
48,70a986af,70a986af,70a986af,0b432d2e,1,1,0
49,b8fcc73e,b8fcc73e,b8fcc73e,1c954429,1,1,0
50,9e26cd6a,9e26cd6a,9e26cd6a,2d361e38,1,1,0
51,ca1aad8a,ca1aad8a,ca1aad8a,ce3a7d99,1,1,0
52,fcf95c8f,fcf95c8f,fcf95c8f,df4f2145,1,1,0
53,e81a567c,e81a567c,e81a567c,030700d6,1,1,0
54,6fd6bc75,6fd6bc75,6fd6bc75,9c014254,1,1,0
55,c27244b1,c27244b1,c27244b1,edf4fb0f,1,1,0
56,0f236836,0f236836,0f236836,302b837d,1,1,0
57,03fe604d,03fe604d,03fe604d,89d1b26f,1,1,0
58,27c40964,27c40964,27c40964,696f4546,1,1,0
59,774a7632,774a7632,774a7632,6580b19e,1,1,0
60,c014b397,c014b397,c014b397,7957d8e8,1,1,0
61,dda895f0,dda895f0,dda895f0,fb5ef5de,1,1,0
62,75d1d9e3,75d1d9e3,75d1d9e3,b84ebd80,1,1,0
63,ffab6910,ffab6910,ffab6910,f730e1e6,1,1,0
64,8729fdb6,8729fdb6,8729fdb6,cecf93e6,1,1,0
65,bdcb9094,bdcb9094,bdcb9094,890fb794,1,1,0
66,d13342ed,d13342ed,d13342ed,1dab6b9a,1,1,0
67,3b20207a,3b20207a,3b20207a,c853191f,1,1,0
68,31703228,31703228,31703228,beea9981,1,1,0
69,addfe705,addfe705,addfe705,ac99138f,1,1,0
70,de8c0348,de8c0348,de8c0348,de8c0348,1,1,1
71,2110f9e8,2110f9e8,2110f9e8,2110f9e8,1,1,1
72,c1a441e8,c1a441e8,c1a441e8,c1a441e8,1,1,1
73,c1a441e8,c1a441e8,c1a441e8,c1a441e8,1,1,1
74,c1a441e8,c1a441e8,c1a441e8,c1a441e8,1,1,1
75,c1a441e8,c1a441e8,c1a441e8,c1a441e8,1,1,1
76,3d241c48,3d241c48,3d241c48,3d241c48,1,1,1
77,de8c0348,de8c0348,de8c0348,de8c0348,1,1,1
78,aa847553,aa847553,aa847553,e64896f0,1,1,0
79,197f9e6f,197f9e6f,197f9e6f,adad4daa,1,1,0
80,8cfb2815,8cfb2815,8cfb2815,cd2b7f1c,1,1,0
81,c9307e6e,c9307e6e,c9307e6e,7468fc38,1,1,0
82,4691e0d8,4691e0d8,4691e0d8,cd2a5126,1,1,0
83,a529c8d8,a529c8d8,a529c8d8,ef414f14,1,1,0
84,35b8e28e,35b8e28e,35b8e28e,82a64887,1,1,0
85,737e4ec7,737e4ec7,737e4ec7,dea1a7c4,1,1,0
86,356f12e3,356f12e3,356f12e3,a08bdced,1,1,0
87,14867302,14867302,14867302,14867302,1,1,1
88,e3ac8fbd,e3ac8fbd,e3ac8fbd,f565221b,1,1,0
89,254cafa0,254cafa0,254cafa0,5a87136c,1,1,0
90,37678fde,37678fde,37678fde,016333a7,1,1,0
91,07eaa96d,07eaa96d,07eaa96d,fdded143,1,1,0
92,b3830bbd,b3830bbd,b3830bbd,b3830bbd,1,1,1
93,ef77890c,ef77890c,ef77890c,ef77890c,1,1,1
94,10ecb55c,10ecb55c,10ecb55c,10ecb55c,1,1,1
95,0949391b,95581d99,0949391b,0949391b,0,1,1
96,355d391b,2a156a2b,355d391b,355d391b,0,1,1
97,53e5391b,742e1eaa,53e5391b,53e5391b,0,1,1
98,cab9391b,624a1eaa,cab9391b,cab9391b,0,1,1
99,955d391b,a70b668b,955d391b,955d391b,0,1,1
100,43e5391b,dc2e1eaa,43e5391b,43e5391b,0,1,1
101,3949391b,8f679ef9,3949391b,3949391b,0,1,1
102,155d391b,24c509cb,155d391b,155d391b,0,1,1
103,13e5391b,d42e1eaa,13e5391b,13e5391b,0,1,1
104,bf19391b,f5114459,bf19391b,bf19391b,0,1,1
105,b55d391b,3db4789b,b55d391b,b55d391b,0,1,1
106,2051391b,3c2e1eaa,2051391b,2051391b,0,1,1
107,7aa1e8e6,7aa1e8e6,7aa1e8e6,7aa1e8e6,1,1,1
108,7aa1e8e6,7aa1e8e6,7aa1e8e6,7aa1e8e6,1,1,1
109,7aa1e8e6,7aa1e8e6,7aa1e8e6,7aa1e8e6,1,1,1
110,7aa1e8e6,7aa1e8e6,7aa1e8e6,7aa1e8e6,1,1,1
111,7361b361,4b89968c,7361b361,7361b361,0,1,1
112,e2685c57,1d5f4ad7,e2685c57,e2685c57,0,1,1
113,5f907182,8d0bdca5,5f907182,5f907182,0,1,1
114,e0260b60,195e2cc2,e0260b60,e0260b60,0,1,1
115,07177a3d,9ba83525,07177a3d,07177a3d,0,1,1
116,f8a70ad3,8ab68c78,f8a70ad3,f8a70ad3,0,1,1
117,f8a70ad3,8ab68c78,f8a70ad3,f8a70ad3,0,1,1
118,7f05f13b,849f205c,7f05f13b,83e41d9f,0,1,0
119,2ebbd68f,4be23470,2ebbd68f,2bb180c6,0,1,0
120,2ebbd68f,4be23470,2ebbd68f,2bb180c6,0,1,0
