d0idx	addr	enter	exit	nkids	kids
0	00100008	1	22	1	0042C300
1	0042CBC0	23	24	0	
2	0042CBC0	25	28	1	0042CB68
3	0042CB78	29	30	0	
4	0042CB68	31	32	0	
5	0042CBC0	33	38	2	00424020,00424020
6	0042CBC0	39	40	0	
7	0042CBC0	41	44	1	0042CBB0
8	0042CBC0	45	48	1	0042CBB0
9	0042CBC0	49	52	1	0042CBB0
10	0042CBC0	53	56	1	0042CBB0
11	0042CBC0	57	60	1	0042CBB0
12	0042CBC0	61	64	1	0042CBB0
13	00100008	65	72	2	00424020,0031AF80
14	0040FB88	73	104	5	001001D8,003B07B8,003ADDA0,003A6648,003970F8
15	0038F300	105	110	2	0038F768,0038F7B0
16	00393048	111	1394	1	00392DF0
17	003970F8	1395	1396	0	
18	0040FB88	1397	6982	34	00361E10,00341368,00320B28,00316878,00315A00,0030D498,002FAE18,002F9818,002F8370,002D48D0,002D4060,002C1688,002BC4E0,002BB0E0,002BAEE8,00284B80
19	0031AF80	6983	8214	1	0031ADB0
20	003E4AF0	8215	8216	0	
21	003E4AF0	8217	8218	0	
22	003E3588	8219	8222	1	00423DD0
23	00423DE0	8223	8224	0	
24	003E35B0	8225	8228	1	00423DB0
25	003E3618	8229	8230	0	
26	003E4040	8231	8244	1	003E3758
27	003E4AF0	8245	8246	0	
28	003E4AF0	8247	8248	0	
29	003E3588	8249	8252	1	00423DD0
30	00423DE0	8253	8254	0	
31	003E35B0	8255	8258	1	00423DB0
32	003E3618	8259	8260	0	
33	003E3758	8261	8312	16	003E6574,004166F4,004162D0,003E6574,004166F4,004162D0,003E6574,004166F4,004162D0,003E6574,004166F4,004162D0,004166F4,004162D0,003E6574,003E3618
34	003E4AF0	8313	8314	0	
35	003E4AF0	8315	8316	0	
36	003E3588	8317	8320	1	00423DD0
37	00423DE0	8321	8322	0	
38	003E35B0	8323	8326	1	00423DB0
39	003E3618	8327	8328	0	
40	003E3758	8329	8354	9	003E6574,004166F4,004162D0,003E6574,004166F4,004162D0,003E6574,004166F4,004162D0
41	003E3758	8355	8378	6	003E6574,004166F4,004166F4,004162D0,003E6574,003E3618
42	003E4AF0	8379	8380	0	
43	003E4AF0	8381	8382	0	
44	003E3588	8383	8386	1	00423DD0
45	00423DE0	8387	8388	0	
46	003E35B0	8389	8392	1	00423DB0
47	003E3618	8393	8394	0	
48	003E3758	8395	8414	4	004166F4,004162D0,003E6574,003E3618
49	003E4AF0	8415	8416	0	
50	003E4AF0	8417	8418	0	
51	003E3588	8419	8422	1	00423DD0
52	00423DE0	8423	8424	0	
53	003E35B0	8425	8428	1	00423DB0
54	003E3618	8429	8430	0	
55	003E3758	8431	8560	48	003E6574,004166F4,004162D0,003E6574,004166F4,004162D0,003E6574,004166F4,004162D0,003E6574,004166F4,004162D0,003E6574,004166F4,004162D0,003E6574
56	003E3758	8561	8584	6	003E6574,004166F4,004166F4,004162D0,003E6574,003E3618
57	003E4AF0	8585	8586	0	
58	003E4AF0	8587	8588	0	
59	003E3588	8589	8592	1	00423DD0
60	00423DE0	8593	8594	0	
61	003E35B0	8595	8598	1	00423DB0
62	003E3618	8599	8600	0	
63	003E3758	8601	8650	18	003E6574,004166F4,004162D0,003E6574,004166F4,004162D0,003E6574,004166F4,004162D0,003E6574,004166F4,004162D0,003E6574,004166F4,004162D0,003E6574
64	003E3758	8651	8674	6	003E6574,004166F4,004166F4,004162D0,003E6574,003E3618
65	003E4AF0	8675	8676	0	
66	003E4AF0	8677	8678	0	
67	003E3588	8679	8682	1	00423DD0
68	00423DE0	8683	8684	0	
69	003E35B0	8685	8688	1	00423DB0
70	003E3618	8689	8690	0	
71	003E3758	8691	8812	45	003E6574,004166F4,004162D0,003E6574,004166F4,004162D0,003E6574,004166F4,004162D0,003E6574,004166F4,004162D0,003E6574,004166F4,004162D0,003E6574
72	003E3758	8813	8836	6	003E6574,004166F4,004166F4,004162D0,003E6574,003E3618
73	003E4AF0	8837	8838	0	
74	003E4AF0	8839	8840	0	
75	003E3588	8841	8844	1	00423DD0
76	00423DE0	8845	8846	0	
77	003E35B0	8847	8850	1	00423DB0
78	003E3618	8851	8852	0	
79	003E3758	8853	8950	36	003E6574,004166F4,004162D0,003E6574,004166F4,004162D0,003E6574,004166F4,004162D0,003E6574,004166F4,004162D0,003E6574,004166F4,004162D0,003E6574
80	003E3758	8951	8974	6	003E6574,004166F4,004166F4,004162D0,003E6574,003E3618
81	003E4AF0	8975	8976	0	
82	003E4AF0	8977	8978	0	
83	003E3588	8979	8982	1	00423DD0
84	00423DE0	8983	8984	0	
85	003E35B0	8985	8988	1	00423DB0
86	003E3618	8989	8990	0	
87	003E3758	8991	9056	24	003E6574,004166F4,004162D0,003E6574,004166F4,004162D0,003E6574,004166F4,004162D0,003E6574,004166F4,004162D0,003E6574,004166F4,004162D0,003E6574
88	003E3758	9057	9080	6	003E6574,004166F4,004166F4,004162D0,003E6574,003E3618
89	003E4AF0	9081	9082	0	
90	003E4AF0	9083	9084	0	
91	003E3588	9085	9088	1	00423DD0
92	00423DE0	9089	9090	0	
93	003E35B0	9091	9094	1	00423DB0
94	003E3618	9095	9096	0	
95	003E3758	9097	9106	3	003E6574,004166F4,004162D0
96	003E3758	9107	9130	6	003E6574,004166F4,004166F4,004162D0,003E6574,003E3618
97	003E4AF0	9131	9132	0	
98	003E4AF0	9133	9134	0	
99	003E3588	9135	9138	1	00423DD0
100	00423DE0	9139	9140	0	
101	003E35B0	9141	9144	1	00423DB0
102	003E3618	9145	9146	0	
103	003E3758	9147	9188	15	003E6574,004166F4,004162D0,003E6574,004166F4,004162D0,003E6574,004166F4,004162D0,003E6574,004166F4,004162D0,003E6574,004166F4,004162D0
104	003E3758	9189	9212	6	003E6574,004166F4,004166F4,004162D0,003E6574,003E3618
105	003E4AF0	9213	9214	0	
106	003E4AF0	9215	9216	0	
107	003E3588	9217	9220	1	00423DD0
108	00423DE0	9221	9222	0	
109	003E35B0	9223	9226	1	00423DB0
110	003E3618	9227	9228	0	
111	003E3758	9229	9238	3	003E6574,004166F4,004162D0
112	003E3758	9239	9262	6	003E6574,004166F4,004166F4,004162D0,003E6574,003E3618
113	003E4AF0	9263	9264	0	
114	003E4AF0	9265	9266	0	
115	003E3588	9267	9270	1	00423DD0
116	00423DE0	9271	9272	0	
117	003E35B0	9273	9276	1	00423DB0
118	003E3618	9277	9278	0	
119	003E3758	9279	9464	69	003E6574,004166F4,004162D0,003E6574,004166F4,004162D0,003E6574,004166F4,004162D0,003E6574,004166F4,004162D0,003E6574,004166F4,004162D0,003E6574
120	003E3758	9465	9488	6	003E6574,004166F4,004166F4,004162D0,003E6574,003E3618
121	003E4AF0	9489	9490	0	
122	003E4AF0	9491	9492	0	
123	003E3588	9493	9496	1	00423DD0
124	00423DE0	9497	9498	0	
125	003E35B0	9499	9502	1	00423DB0
126	003E3618	9503	9504	0	
127	003E3758	9505	9618	42	003E6574,004166F4,004162D0,003E6574,004166F4,004162D0,003E6574,004166F4,004162D0,003E6574,004166F4,004162D0,003E6574,004166F4,004162D0,003E6574
128	003E3758	9619	9642	6	003E6574,004166F4,004166F4,004162D0,003E6574,003E3618
129	003E4AF0	9643	9644	0	
130	003E4AF0	9645	9646	0	
131	003E3588	9647	9650	1	00423DD0
132	00423DE0	9651	9652	0	
133	003E35B0	9653	9656	1	00423DB0
134	003E3618	9657	9658	0	
135	003E3758	9659	9684	9	003E6574,004166F4,004162D0,003E6574,004166F4,004162D0,003E6574,004166F4,004162D0
136	003E3758	9685	9708	6	003E6574,004166F4,004166F4,004162D0,003E6574,003E3618
137	003E4AF0	9709	9710	0	
138	003E4AF0	9711	9712	0	
139	003E3588	9713	9716	1	00423DD0
140	00423DE0	9717	9718	0	
141	003E35B0	9719	9722	1	00423DB0
142	003E3618	9723	9724	0	
143	003E3758	9725	9782	21	003E6574,004166F4,004162D0,003E6574,004166F4,004162D0,003E6574,004166F4,004162D0,003E6574,004166F4,004162D0,003E6574,004166F4,004162D0,003E6574
144	003E3758	9783	9806	6	003E6574,004166F4,004166F4,004162D0,003E6574,003E3618
145	003E4AF0	9807	9808	0	
146	003E4AF0	9809	9810	0	
147	003E3588	9811	9814	1	00423DD0
148	00423DE0	9815	9816	0	
149	003E35B0	9817	9820	1	00423DB0
150	003E3618	9821	9822	0	
151	003E3758	9823	9928	39	003E6574,004166F4,004162D0,003E6574,004166F4,004162D0,003E6574,004166F4,004162D0,003E6574,004166F4,004162D0,003E6574,004166F4,004162D0,003E6574
152	003E3758	9929	9952	6	003E6574,004166F4,004166F4,004162D0,003E6574,003E3618
153	003E4AF0	9953	9954	0	
154	003E4AF0	9955	9956	0	
155	003E3588	9957	9960	1	00423DD0
156	00423DE0	9961	9962	0	
157	003E35B0	9963	9966	1	00423DB0
158	003E3618	9967	9968	0	
159	003E3758	9969	9986	6	003E6574,004166F4,004162D0,003E6574,004166F4,004162D0
160	003E3758	9987	9992	2	003E6574,004166F4
161	003E3758	9993	10016	6	003E6574,004166F4,004166F4,004162D0,003E6574,003E3618
162	003E4AF0	10017	10018	0	
163	003E4AF0	10019	10020	0	
164	003E3588	10021	10024	1	00423DD0
165	00423DE0	10025	10026	0	
166	003E35B0	10027	10030	1	00423DB0
167	003E3618	10031	10032	0	
168	003E3758	10033	10092	19	003E6574,004166F4,004162D0,003E6574,004166F4,004162D0,003E6574,004166F4,004162D0,003E6574,004166F4,004162D0,003E6574,004166F4,004162D0,004166F4
169	003E4AF0	10093	10094	0	
170	003E4AF0	10095	10096	0	
171	003E3588	10097	10100	1	00423DD0
172	00423DE0	10101	10102	0	
173	003E35B0	10103	10106	1	00423DB0
174	003E3618	10107	10108	0	
175	003E3758	10109	10286	66	003E6574,004166F4,004162D0,003E6574,004166F4,004162D0,003E6574,004166F4,004162D0,003E6574,004166F4,004162D0,003E6574,004166F4,004162D0,003E6574
176	003E3758	10287	10316	11	003E6574,004166F4,003E6574,004166F4,004162D0,003E6574,004166F4,004162D0,003E6574,004166F4,004162D0
177	003E3758	10317	10322	2	003E6574,004166F4
178	003E4040	10323	12044	1	003E39A8
179	00418EF8	12045	12050	2	003E3968,003E3968
180	00418EF8	12051	12124	36	003E3968,003E3968,003E3968,003E3968,003E3968,003E3968,003E3968,003E3968,003E3968,003E3968,003E3968,003E3968,003E3968,003E3968,003E3968,003E3968
181	00418EF8	12125	12174	24	003E3968,003E3968,003E3968,003E3968,003E3968,003E3968,003E3968,003E3968,003E3968,003E3968,003E3968,003E3968,003E3968,003E3968,003E3968,003E3968
182	00418EF8	12175	12178	1	003E3968
183	00418EF8	12179	12198	9	003E3968,003E3968,003E3968,003E3968,003E3968,003E3968,003E3968,003E3968,003E3968
184	00418EF8	12199	12294	47	003E3968,003E3968,003E3968,003E3968,003E3968,003E3968,003E3968,003E3968,003E3968,003E3968,003E3968,003E3968,003E3968,003E3968,003E3968,003E3968
185	00418EF8	12295	12310	7	003E3968,003E3968,003E3968,003E3968,003E3968,003E3968,003E3968
186	00418EF8	12311	12352	20	003E3968,003E3968,003E3968,003E3968,003E3968,003E3968,003E3968,003E3968,003E3968,003E3968,003E3968,003E3968,003E3968,003E3968,003E3968,003E3968
187	00418EF8	12353	12364	5	003E3968,003E3968,003E3968,003E3968,003E3968
188	00418EF8	12365	12368	1	003E3968
189	00418EF8	12369	12442	36	003E3968,003E3968,003E3968,003E3968,003E3968,003E3968,003E3968,003E3968,003E3968,003E3968,003E3968,003E3968,003E3968,003E3968,003E3968,003E3968
190	00418EF8	12443	12534	45	003E3968,003E3968,003E3968,003E3968,003E3968,003E3968,003E3968,003E3968,003E3968,003E3968,003E3968,003E3968,003E3968,003E3968,003E3968,003E3968
191	00418EF8	12535	12540	2	003E3968,003E3968
192	00418EF8	12541	12552	5	003E3968,003E3968,003E3968,003E3968,003E3968
193	00418EF8	12553	12916	181	003E3968,003E3968,003E3968,003E3968,003E3968,003E3968,003E3968,003E3968,003E3968,003E3968,003E3968,003E3968,003E3968,003E3968,003E3968,003E3968
194	00418EF8	12917	12948	15	003E3968,003E3968,003E3968,003E3968,003E3968,003E3968,003E3968,003E3968,003E3968,003E3968,003E3968,003E3968,003E3968,003E3968,003E3968
195	00418EF8	12949	12978	14	003E3968,003E3968,003E3968,003E3968,003E3968,003E3968,003E3968,003E3968,003E3968,003E3968,003E3968,003E3968,003E3968,003E3968
196	00418EF8	12979	13000	10	003E3968,003E3968,003E3968,003E3968,003E3968,003E3968,003E3968,003E3968,003E3968,003E3968
197	00418EF8	13001	13048	23	003E3968,003E3968,003E3968,003E3968,003E3968,003E3968,003E3968,003E3968,003E3968,003E3968,003E3968,003E3968,003E3968,003E3968,003E3968,003E3968
198	00418EF8	13049	13078	14	003E3968,003E3968,003E3968,003E3968,003E3968,003E3968,003E3968,003E3968,003E3968,003E3968,003E3968,003E3968,003E3968,003E3968
199	00418EF8	13079	13118	19	003E3968,003E3968,003E3968,003E3968,003E3968,003E3968,003E3968,003E3968,003E3968,003E3968,003E3968,003E3968,003E3968,003E3968,003E3968,003E3968
200	00418EF8	13119	13144	12	003E3968,003E3968,003E3968,003E3968,003E3968,003E3968,003E3968,003E3968,003E3968,003E3968,003E3968,003E3968
201	00418EF8	13145	13166	10	003E3968,003E3968,003E3968,003E3968,003E3968,003E3968,003E3968,003E3968,003E3968,003E3968
202	00418EF8	13167	13438	135	003E3968,003E3968,003E3968,003E3968,003E3968,003E3968,003E3968,003E3968,003E3968,003E3968,003E3968,003E3968,003E3968,003E3968,003E3968,003E3968
203	00418EF8	13439	13446	3	003E3968,003E3968,003E3968
204	00418EF8	13447	13516	34	003E3968,003E3968,003E3968,003E3968,003E3968,003E3968,003E3968,003E3968,003E3968,003E3968,003E3968,003E3968,003E3968,003E3968,003E3968,003E3968
205	00418EF8	13517	13524	3	003E3968,003E3968,003E3968
206	00418EF8	13525	13548	11	003E3968,003E3968,003E3968,003E3968,003E3968,003E3968,003E3968,003E3968,003E3968,003E3968,003E3968
207	00418EF8	13549	13614	32	003E3968,003E3968,003E3968,003E3968,003E3968,003E3968,003E3968,003E3968,003E3968,003E3968,003E3968,003E3968,003E3968,003E3968,003E3968,003E3968
208	00418EF8	13615	13636	10	003E3968,003E3968,003E3968,003E3968,003E3968,003E3968,003E3968,003E3968,003E3968,003E3968
209	003E39A8	13637	13638	0	
210	003E4040	13639	13684	4	002523A8,00423DA0,00423BA0,00423BC0
211	003E3BE0	13685	13688	1	00423DE0
212	00423BC0	13689	13690	0	
213	003E4040	13691	13694	1	003E57F8
214	003DCC88	13695	13700	1	003E3020
215	003DCBD8	13701	13702	0	
216	0031ADB0	13703	13764	4	003DF488,003E58C8,003E57F8,003DDE78
217	0031AF80	13765	13826	3	00317D70,00317458,00316D60
218	0031AAF0	13827	13830	1	00423DE0
219	00423BC0	13831	13832	0	
220	0031A6B8	13833	13852	3	00424880,00423A90,004248E8
221	00316D60	13853	13928	1	00226830
222	0040BF20	13929	13944	1	0040BCC0
223	0040BF20	13945	13946	0	
224	0040BCC0	13947	13948	0	
225	0040BF20	13949	13950	0	
226	0040BF20	13951	13952	0	
227	0040BF20	13953	13954	0	
228	0040BF20	13955	13956	0	
229	0040BF20	13957	13958	0	
230	0040BF20	13959	13960	0	
231	0040BF20	13961	13962	0	
232	0040BF20	13963	13964	0	
233	0040BF20	13965	13966	0	
234	0040BF20	13967	13968	0	
235	0040BF20	13969	13970	0	
236	0040BF20	13971	13972	0	
237	0040BF20	13973	13974	0	
238	0040BCC0	13975	13988	6	0040BC70,0040BC70,0040BC70,0040BC70,0040BC70,0040BC70
239	002C7478	13989	13990	0	
240	002C7440	13991	13992	0	
241	00226830	13993	14238	4	00317D70,00326A28,00375A08,00375A08
242	00382740	14239	14244	1	00382760
243	00423BC0	14245	14246	0	
244	00375A08	14247	17282	16	0037BB10,00317D70,00394D50,003629B8,00317D70,00366FE8,00361EB8,0037C198,00389098,0037C570,0037C720,00376938,00375A08,00395288,00395288,00395288
245	00376938	17283	17286	1	00364B88
246	00395288	17287	17288	0	
247	00375A08	17289	17298	4	00395CF0,00386128,00386128,00386128
248	00226830	17299	17746	2	0038DBD0,0038AEF8
249	003E4AF0	17747	17748	0	
250	00372B78	17749	17962	7	00317E30,00317E30,00317E30,00317E30,00317E30,00317E30,00317E30
251	0038AF30	17963	18064	4	00317E30,00317E30,00317E30,0038D638
252	0038AE60	18065	18066	0	
253	0038AEF8	18067	18068	0	
254	00226830	18069	18902	15	00317D70,00317D70,00317D70,00227BF0,0037C720,003B39B8,0037C720,00369FF8,00317D70,00317D70,00232328,00316EF8,00237CF8,00317D70,001A3590
255	00423DE0	18903	18904	0	
256	003E3B00	18905	18906	0	
257	003E3AD8	18907	18910	1	00423DD0
258	003E3B00	18911	18934	3	00423DE0,003DE420,00423DE0
259	00423DC0	18935	18936	0	
260	003E4648	18937	18938	0	
261	003E3350	18939	18940	0	
262	003DDFA8	18941	18942	0	
263	003DD648	18943	18944	0	
264	003DD7E0	18945	19010	1	003DCF70
265	003DCF70	19011	19012	0	
266	003DDAC0	19013	19014	0	
267	003DED50	19015	19040	3	003DD1D8,003DCE90,003DD310
268	001A3590	19041	19042	0	
269	00226830	19043	19046	1	001A3648
270	00316D60	19047	19080	6	0031AAF0,0031AAF0,0031A6B8,003E5928,0031A6B8,0031A6B8
271	0031AAF0	19081	19088	3	00423DE0,00243AB0,00423DE0
272	0037E120	19089	19092	1	003825F8
273	0031A3C0	19093	19100	1	0031AAF0
274	00423DE0	19101	19102	0	
275	0031AAF0	19103	19122	2	00317500,00423DE0
276	00423DE0	19123	19124	0	
277	0031A6B8	19125	19130	2	00423DF0,0031A6B8
278	00316D60	19131	19162	4	00317328,0031AAF0,001DC938,00316F00
279	003E4AF0	19163	19164	0	
280	0037E120	19165	19168	1	003825F8
281	0031A3C0	19169	19176	1	0031AAF0
282	00423DE0	19177	19178	0	
283	0031AAF0	19179	19198	2	00317500,00423DE0
284	00423DE0	19199	19200	0	
285	0031A6B8	19201	19206	2	00423DF0,0031A6B8
286	00316F00	19207	19322	10	00317328,0031A6B8,003E5928,0031A6B8,00227E98,00317328,00232328,00317328,00227E98,00232328
287	00376938	19323	19326	1	00364B88
288	00231FC0	19327	19342	1	00376938
289	00376938	19343	19344	0	
290	00231FC0	19345	19356	3	0031C040,00376938,00375A08
291	00232328	19357	19374	1	00376938
292	00376938	19375	19378	1	00364B88
293	00395288	19379	19380	0	
