libps2_runtime	game_overrides.cpp.o	d	(anonymous namespace)::registryMutex()::mutex
libps2_runtime	game_overrides.cpp.o	d	(anonymous namespace)::descriptorRegistry()::registry
libps2_runtime	ps2_gif_arbiter.cpp.o	d	(anonymous namespace)::g_captureBytes
libps2_runtime	ps2_gif_arbiter.cpp.o	d	(anonymous namespace)::g_captureCount
libps2_runtime	ps2_gif_arbiter.cpp.o	d	(anonymous namespace)::g_captureMutex
libps2_runtime	ps2_gif_arbiter.cpp.o	d	(anonymous namespace)::capturePacket(GifPathId, unsigned char const*, unsigned int)::maxPackets
libps2_runtime	ps2_gif_arbiter.cpp.o	d	(anonymous namespace)::capturePacket(GifPathId, unsigned char const*, unsigned int)::dir
libps2_runtime	gs_stream_capture.cpp.o	d	(anonymous namespace)::capture()::value
libps2_runtime	gs_stream_capture.cpp.o	d	ps2x_gs_capture::stopAt()::value
libps2_runtime	gs_stream_capture.cpp.o	d	ps2x_gs_capture::enabled()::on
libps2_runtime	gs_stream_capture.cpp.o	d	ps2x_gs_capture::bisectTo()::value
libps2_runtime	ps2_snd_audio_output.cpp.o	d	(anonymous namespace)::g_output
libps2_runtime	ps2_gs_memory.cpp.o	d	GSMem::PageTableP4
libps2_runtime	ps2_gs_memory.cpp.o	d	GSMem::PageTableP8
libps2_runtime	ps2_gs_memory.cpp.o	d	GSMem::PageTableC16
libps2_runtime	ps2_gs_memory.cpp.o	d	GSMem::PageTableC32
libps2_runtime	ps2_gs_memory.cpp.o	d	GSMem::PageTableZ16
libps2_runtime	ps2_gs_memory.cpp.o	d	GSMem::PageTableZ32
libps2_runtime	ps2_gs_memory.cpp.o	d	GSMem::PageTableC16S
libps2_runtime	ps2_gs_memory.cpp.o	d	GSMem::PageTableZ16S
libps2_runtime	gs_frontend.cpp.o	d	(anonymous namespace)::t_inGsWorker
libps2_runtime	gs_cpu_backend.cpp.o	d	GSCpuBackend::Present(GSPresentationRequest const&)::snapshotBackend
libps2_runtime	gs_cpu_backend.cpp.o	d	GSCpuBackend::Present(GSPresentationRequest const&)::snapshot
libps2_runtime	gs_cpu_backend.cpp.o	d	GSCpuBackend::GSCpuBackend()::lookupTablesOnce
libps2_runtime	gs_cpu_backend.cpp.o	d	(anonymous namespace)::deinterlaceBobEnabled()::bob
libps2_runtime	gs_cpu_backend.cpp.o	d	(anonymous namespace)::deinterlaceBobTestOverride()::override
libps2_runtime	ps2_memory.cpp.o	d	(anonymous namespace)::path3EopGateEnabled()::on
libps2_runtime	ps2_memory.cpp.o	d	PS2Memory::writeIORegister(unsigned int, unsigned int)::warned
libps2_runtime	ps2_pad.cpp.o	d	PSPadBackend::readState(int, int, unsigned char*, unsigned long)::s_logStick
libps2_runtime	ps2_pad.cpp.o	d	PSPadBackend::readState(int, int, unsigned char*, unsigned long)::s_last
libps2_runtime	ps2_runtime.cpp.o	d	g_hr1LatchNs
libps2_runtime	ps2_runtime.cpp.o	d	g_hr1Uploads
libps2_runtime	ps2_runtime.cpp.o	d	g_hr1UploadNs
libps2_runtime	ps2_runtime.cpp.o	d	(anonymous namespace)::g_diagCallBlock
libps2_runtime	ps2_runtime.cpp.o	d	(anonymous namespace)::g_diagCallCounts
libps2_runtime	ps2_runtime.cpp.o	d	(anonymous namespace)::g_diagCallLastMs
libps2_runtime	ps2_runtime.cpp.o	d	(anonymous namespace)::g_dispatchHistory
libps2_runtime	ps2_runtime.cpp.o	d	(anonymous namespace)::g_diagWatchThreadId (.0)
libps2_runtime	ps2_runtime.cpp.o	d	(anonymous namespace)::kPs2OverrideReg_455
libps2_runtime	ps2_runtime.cpp.o	d	(anonymous namespace)::g_ssx3WidescreenMode (.0)
libps2_runtime	ps2_runtime.cpp.o	d	(anonymous namespace)::g_ssx3WidescreenActive (.0)
libps2_runtime	ps2_runtime.cpp.o	d	(anonymous namespace)::g_e3inv (.0)
libps2_runtime	ps2_runtime.cpp.o	d	(anonymous namespace)::g_e3inv (.1)
libps2_runtime	ps2_runtime.cpp.o	d	(anonymous namespace)::g_e3inv (.2)
libps2_runtime	ps2_runtime.cpp.o	d	(anonymous namespace)::g_e3inv (.3)
libps2_runtime	ps2_runtime.cpp.o	d	(anonymous namespace)::g_e3rec (.0)
libps2_runtime	ps2_runtime.cpp.o	d	(anonymous namespace)::g_e3rec (.1)
libps2_runtime	ps2_runtime.cpp.o	d	(anonymous namespace)::g_e3rec (.11)
libps2_runtime	ps2_runtime.cpp.o	d	(anonymous namespace)::g_e3rec (.12)
libps2_runtime	ps2_runtime.cpp.o	d	(anonymous namespace)::g_e3rec (.13)
libps2_runtime	ps2_runtime.cpp.o	d	(anonymous namespace)::g_e3rec (.14)
libps2_runtime	ps2_runtime.cpp.o	d	(anonymous namespace)::g_e3rec (.15)
libps2_runtime	ps2_runtime.cpp.o	d	(anonymous namespace)::g_e3rec (.16)
libps2_runtime	ps2_runtime.cpp.o	d	(anonymous namespace)::g_e3rec (.2)
libps2_runtime	ps2_runtime.cpp.o	d	(anonymous namespace)::g_e3rec (.3)
libps2_runtime	ps2_runtime.cpp.o	d	(anonymous namespace)::g_e3rec (.4)
libps2_runtime	ps2_runtime.cpp.o	d	(anonymous namespace)::g_e3rec (.5)
libps2_runtime	ps2_runtime.cpp.o	d	(anonymous namespace)::g_e3rec (.6)
libps2_runtime	ps2_runtime.cpp.o	d	(anonymous namespace)::g_e3rec (.7)
libps2_runtime	ps2_runtime.cpp.o	d	(anonymous namespace)::g_e3rec (.8)
libps2_runtime	ps2_runtime.cpp.o	d	(anonymous namespace)::g_e3rec (.9)
libps2_runtime	ps2_runtime.cpp.o	d	(anonymous namespace)::g_e3n394
libps2_runtime	ps2_runtime.cpp.o	d	UploadFrame(Texture&, PS2Runtime*, unsigned int&, unsigned int&)::s_fallback
libps2_runtime	ps2_runtime.cpp.o	d	UploadFrame(Texture&, PS2Runtime*, unsigned int&, unsigned int&)::s_dumpTicks
libps2_runtime	ps2_runtime.cpp.o	d	UploadFrame(Texture&, PS2Runtime*, unsigned int&, unsigned int&)::s_lastWidth
libps2_runtime	ps2_runtime.cpp.o	d	UploadFrame(Texture&, PS2Runtime*, unsigned int&, unsigned int&)::s_lastHeight
libps2_runtime	ps2_runtime.cpp.o	d	UploadFrame(Texture&, PS2Runtime*, unsigned int&, unsigned int&)::s_uploadBuffer
libps2_runtime	ps2_runtime.cpp.o	d	UploadFrame(Texture&, PS2Runtime*, unsigned int&, unsigned int&)::s_hasUploadedFrame
libps2_runtime	ps2_runtime.cpp.o	d	UploadFrame(Texture&, PS2Runtime*, unsigned int&, unsigned int&)::s_lastPresentationTick
libps2_runtime	ps2_runtime.cpp.o	d	UploadFrame(Texture&, PS2Runtime*, unsigned int&, unsigned int&)::s_hasLatchedInitialFrame
libps2_runtime	ps2_runtime.cpp.o	d	UploadFrame(Texture&, PS2Runtime*, unsigned int&, unsigned int&)::s_scratch
libps2_runtime	ps2_runtime.cpp.o	d	PS2Runtime::dispatchGuestBranch(unsigned char*, R5900Context*, unsigned int, unsigned int, unsigned int, PS2Runtime::GuestBranchKind, char const*)::s_diagCallTick
libps2_runtime	ps2_runtime.cpp.o	d	PS2Runtime::reportMissingFunction(unsigned char*, R5900Context*, unsigned int, unsigned int, PS2Runtime::GuestBranchKind, char const*)::s_missingFunctionLogMutex
libps2_runtime	ps2_runtime.cpp.o	d	PS2Runtime::executeVU0Microprogram(unsigned char*, R5900Context*, unsigned int)::e53Log
libps2_runtime	ps2_runtime.cpp.o	d	PS2Runtime::executeVU0Microprogram(unsigned char*, R5900Context*, unsigned int)::e53Count
libps2_runtime	ps2_runtime.cpp.o	d	PS2Runtime::vu1StartMicroProgramFromEe(R5900Context*, unsigned int)::s_e53Cmsar1Starts
libps2_runtime	ps2_runtime.cpp.o	d	PS2Runtime::run()::s_threadCpuLog
libps2_runtime	ps2_runtime.cpp.o	d	(anonymous namespace)::diagPeriodMs()::period
libps2_runtime	ps2_runtime.cpp.o	d	(anonymous namespace)::frameDumpDir()::dir
libps2_runtime	ps2_runtime.cpp.o	d	(anonymous namespace)::gamepadInUse()::s_used
libps2_runtime	ps2_runtime.cpp.o	d	(anonymous namespace)::diagReportAll()::reportAll
libps2_runtime	ps2_runtime.cpp.o	d	(anonymous namespace)::diag394Ed0Emit(unsigned char const*, R5900Context*, unsigned int)::seq
libps2_runtime	ps2_runtime.cpp.o	d	(anonymous namespace)::diag394Ed0Emit(unsigned char const*, R5900Context*, unsigned int)::emitted
libps2_runtime	ps2_runtime.cpp.o	d	(anonymous namespace)::diagWatchAddrs()::addrs
libps2_runtime	ps2_runtime.cpp.o	d	(anonymous namespace)::runtimeIoPaths()::paths
libps2_runtime	ps2_runtime.cpp.o	d	(anonymous namespace)::diag394Ed0Enabled()::enabled
libps2_runtime	ps2_runtime.cpp.o	d	(anonymous namespace)::dumpPresentationFrame(unsigned char const*, unsigned int, unsigned int, unsigned long long, unsigned int, unsigned int, bool, bool, unsigned long long, unsigned long long, unsigned long long, unsigned long long, unsigned long long, unsigned long long)::s_alignedKeep
libps2_runtime	ps2_runtime.cpp.o	d	(anonymous namespace)::dumpPresentationFrame(unsigned char const*, unsigned int, unsigned int, unsigned long long, unsigned int, unsigned int, bool, bool, unsigned long long, unsigned long long, unsigned long long, unsigned long long, unsigned long long, unsigned long long)::s_successKeep
libps2_runtime	ps2_runtime.cpp.o	d	(anonymous namespace)::dumpPresentationFrame(unsigned char const*, unsigned int, unsigned int, unsigned long long, unsigned int, unsigned int, bool, bool, unsigned long long, unsigned long long, unsigned long long, unsigned long long, unsigned long long, unsigned long long)::selectedTicks
libps2_runtime	ps2_runtime.cpp.o	d	(anonymous namespace)::dumpPresentationFrame(unsigned char const*, unsigned int, unsigned int, unsigned long long, unsigned int, unsigned int, bool, bool, unsigned long long, unsigned long long, unsigned long long, unsigned long long, unsigned long long, unsigned long long)::s_fallbackKeep
libps2_runtime	ps2_runtime.cpp.o	d	(anonymous namespace)::dumpPresentationFrame(unsigned char const*, unsigned int, unsigned int, unsigned long long, unsigned int, unsigned int, bool, bool, unsigned long long, unsigned long long, unsigned long long, unsigned long long, unsigned long long, unsigned long long)::captured
libps2_runtime	ps2_runtime.cpp.o	d	(anonymous namespace)::dumpPresentationFrame(unsigned char const*, unsigned int, unsigned int, unsigned long long, unsigned int, unsigned int, bool, bool, unsigned long long, unsigned long long, unsigned long long, unsigned long long, unsigned long long, unsigned long long)::s_dumpSeq
libps2_runtime	ps2_runtime.cpp.o	d	(anonymous namespace)::diagDriverProbeEnabled()::enabled
libps2_runtime	ps2_vu1_recomp.cpp.o	d	(anonymous namespace)::recompDumpDir()::dir
libps2_runtime	ps2_vu1_recomp.cpp.o	d	(anonymous namespace)::recompEnabled()::enabled
libps2_runtime	ps2_vu1_recomp.cpp.o	d	(anonymous namespace)::recompRegistry()::registry
libps2_runtime	ps2_vu1_recomp.cpp.o	d	(anonymous namespace)::recompStatsEnabled()::enabled
libps2_runtime	ps2_vu1_recomp.cpp.o	d	VU1Interpreter::directFlagMap(unsigned char const*, unsigned int, bool)::maps
libps2_runtime	ps2_vu1_recomp.cpp.o	d	VU1Interpreter::directCommitEnabled()::enabled
libps2_runtime	ps2_vu1_recomp.cpp.o	d	VU1Interpreter::lookupRecompProgram(unsigned char const*, unsigned int, PS2Memory*)::dumped
libps2_runtime	games_database.cpp.o	d	gameDatabase
libps2_runtime	EeScheduler.cpp.o	D	EeScheduler::s_detHashLines
libps2_runtime	EeScheduler.cpp.o	d	(anonymous namespace)::g_diagSchedCounts
libps2_runtime	EeScheduler.cpp.o	d	EeScheduler::run()::s_diagTick
libps2_runtime	EeScheduler.cpp.o	d	EeScheduler::run()::s_diagBlock
libps2_runtime	EeScheduler.cpp.o	d	EeScheduler::run()::s_diagLastMs
libps2_runtime	EeScheduler.cpp.o	d	EeScheduler::run()::idleDumpPrinted
libps2_runtime	EeScheduler.cpp.o	d	EeScheduler::run()::idleSince (.0)
libps2_runtime	EeScheduler.cpp.o	d	(anonymous namespace)::coverageTick()::tick
libps2_runtime	EeScheduler.cpp.o	d	(anonymous namespace)::diagPeriodMs()::period
libps2_runtime	EeScheduler.cpp.o	d	(anonymous namespace)::intcLogEnabled()::enabled
libps2_runtime	EeScheduler.cpp.o	d	(anonymous namespace)::diagSemaEnabled()::enabled
libps2_runtime	EeScheduler.cpp.o	d	(anonymous namespace)::diagSemaS0Enabled()::enabled
libps2_runtime	Audio.cpp.o	d	(anonymous namespace)::g_file_map
libps2_runtime	Audio.cpp.o	d	(anonymous namespace)::g_file_mutex
libps2_runtime	Audio.cpp.o	d	(anonymous namespace)::g_cdLeafIndex
libps2_runtime	Audio.cpp.o	d	(anonymous namespace)::g_cdFilesByKey
libps2_runtime	Audio.cpp.o	d	(anonymous namespace)::g_dmaStubMutex
libps2_runtime	Audio.cpp.o	d	(anonymous namespace)::g_printfLogMutex
libps2_runtime	Audio.cpp.o	d	(anonymous namespace)::g_cdImageSizePath
libps2_runtime	Audio.cpp.o	d	(anonymous namespace)::g_cdLeafIndexRoot
libps2_runtime	Audio.cpp.o	d	(anonymous namespace)::g_dmaPendingPolls
libps2_runtime	Audio.cpp.o	d	(anonymous namespace)::g_cdLoosePathIndex
libps2_runtime	Audio.cpp.o	d	(anonymous namespace)::g_stubWarningCount
libps2_runtime	Audio.cpp.o	d	(anonymous namespace)::g_stubWarningMutex
libps2_runtime	Audio.cpp.o	d	ps2_stubs::(anonymous namespace)::g_audio_stub_mutex
libps2_runtime	Audio.cpp.o	d	ps2_stubs::(anonymous namespace)::g_audio_stub_state
libps2_runtime	CD.cpp.o	d	(anonymous namespace)::g_file_map
libps2_runtime	CD.cpp.o	d	(anonymous namespace)::g_file_mutex
libps2_runtime	CD.cpp.o	d	(anonymous namespace)::g_cdLeafIndex
libps2_runtime	CD.cpp.o	d	(anonymous namespace)::g_lastCdError
libps2_runtime	CD.cpp.o	d	(anonymous namespace)::g_cdFilesByKey
libps2_runtime	CD.cpp.o	d	(anonymous namespace)::g_dmaStubMutex
libps2_runtime	CD.cpp.o	d	(anonymous namespace)::g_cdInitialized
libps2_runtime	CD.cpp.o	d	(anonymous namespace)::g_nextPseudoLbn
libps2_runtime	CD.cpp.o	d	(anonymous namespace)::g_cdStreamingLbn
libps2_runtime	CD.cpp.o	d	(anonymous namespace)::g_printfLogMutex
libps2_runtime	CD.cpp.o	d	(anonymous namespace)::g_cdImageSizePath
libps2_runtime	CD.cpp.o	d	(anonymous namespace)::g_cdLeafIndexRoot
libps2_runtime	CD.cpp.o	d	(anonymous namespace)::g_dmaPendingPolls
libps2_runtime	CD.cpp.o	d	(anonymous namespace)::g_cdImageSizeBytes
libps2_runtime	CD.cpp.o	d	(anonymous namespace)::g_cdImageSizeValid
libps2_runtime	CD.cpp.o	d	(anonymous namespace)::g_cdLeafIndexBuilt
libps2_runtime	CD.cpp.o	d	(anonymous namespace)::g_cdLoosePathIndex
libps2_runtime	CD.cpp.o	d	(anonymous namespace)::g_stubWarningCount
libps2_runtime	CD.cpp.o	d	(anonymous namespace)::g_stubWarningMutex
libps2_runtime	CD.cpp.o	d	(anonymous namespace)::g_cdStreamingEndLbn
libps2_runtime	CD.cpp.o	d	(anonymous namespace)::g_cdMode
libps2_runtime	CD.cpp.o	d	ps2_stubs::(anonymous namespace)::g_cdCallbackFn
libps2_runtime	CD.cpp.o	d	ps2_stubs::(anonymous namespace)::g_cdCallbackGp
libps2_runtime	CD.cpp.o	d	ps2_stubs::(anonymous namespace)::g_cdStreamTiming
libps2_runtime	CD.cpp.o	d	ps2_stubs::(anonymous namespace)::g_cdCallbackStackTop
libps2_runtime	CD.cpp.o	d	ps2_stubs::(anonymous namespace)::g_cdStReadTraceCount
libps2_runtime	CD.cpp.o	d	ps2_stubs::(anonymous namespace)::diagPeriodMs()::period
libps2_runtime	CD.cpp.o	d	ps2_stubs::sceCdSearchFile(unsigned char*, R5900Context*, PS2Runtime*)::traceCount
libps2_runtime	CD.cpp.o	d	ps2_stubs::sceCdSearchFile(unsigned char*, R5900Context*, PS2Runtime*)::emptyPathCount
libps2_runtime	CD.cpp.o	d	ps2_stubs::sceCdSearchFile(unsigned char*, R5900Context*, PS2Runtime*)::lastFailedPath
libps2_runtime	CD.cpp.o	d	ps2_stubs::sceCdSearchFile(unsigned char*, R5900Context*, PS2Runtime*)::samePathFailCount
libps2_runtime	CD.cpp.o	d	ps2_stubs::sceCdSearchFile(unsigned char*, R5900Context*, PS2Runtime*)::emptyNormalizedCount
libps2_runtime	CD.cpp.o	d	ps2_stubs::sceCdRead(unsigned char*, R5900Context*, PS2Runtime*)::recoverLogCount
libps2_runtime	CD.cpp.o	d	ps2_stubs::sceCdRead(unsigned char*, R5900Context*, PS2Runtime*)::unresolvedLogCount
libps2_runtime	Compatibility.cpp.o	d	(anonymous namespace)::g_file_map
libps2_runtime	Compatibility.cpp.o	d	(anonymous namespace)::g_file_mutex
libps2_runtime	Compatibility.cpp.o	d	(anonymous namespace)::g_cdLeafIndex
libps2_runtime	Compatibility.cpp.o	d	(anonymous namespace)::g_cdFilesByKey
libps2_runtime	Compatibility.cpp.o	d	(anonymous namespace)::g_dmaStubMutex
libps2_runtime	Compatibility.cpp.o	d	(anonymous namespace)::g_printfLogMutex
libps2_runtime	Compatibility.cpp.o	d	(anonymous namespace)::g_cdImageSizePath
libps2_runtime	Compatibility.cpp.o	d	(anonymous namespace)::g_cdLeafIndexRoot
libps2_runtime	Compatibility.cpp.o	d	(anonymous namespace)::g_dmaPendingPolls
libps2_runtime	Compatibility.cpp.o	d	(anonymous namespace)::g_cdLoosePathIndex
libps2_runtime	Compatibility.cpp.o	d	(anonymous namespace)::g_stubWarningCount
libps2_runtime	Compatibility.cpp.o	d	(anonymous namespace)::g_stubWarningMutex
libps2_runtime	DMA.cpp.o	d	(anonymous namespace)::g_file_map
libps2_runtime	DMA.cpp.o	d	(anonymous namespace)::g_file_mutex
libps2_runtime	DMA.cpp.o	d	(anonymous namespace)::g_cdLeafIndex
libps2_runtime	DMA.cpp.o	d	(anonymous namespace)::g_cdFilesByKey
libps2_runtime	DMA.cpp.o	d	(anonymous namespace)::g_dmaStubMutex
libps2_runtime	DMA.cpp.o	d	(anonymous namespace)::g_printfLogMutex
libps2_runtime	DMA.cpp.o	d	(anonymous namespace)::g_cdImageSizePath
libps2_runtime	DMA.cpp.o	d	(anonymous namespace)::g_cdLeafIndexRoot
libps2_runtime	DMA.cpp.o	d	(anonymous namespace)::g_dmaPendingPolls
libps2_runtime	DMA.cpp.o	d	(anonymous namespace)::g_dmaStubLogCount
libps2_runtime	DMA.cpp.o	d	(anonymous namespace)::g_cdLoosePathIndex
libps2_runtime	DMA.cpp.o	d	(anonymous namespace)::g_stubWarningCount
libps2_runtime	DMA.cpp.o	d	(anonymous namespace)::g_stubWarningMutex
libps2_runtime	DMA.cpp.o	d	ps2_stubs::(anonymous namespace)::g_dmaEnvMutex
libps2_runtime	DMA.cpp.o	d	ps2_stubs::(anonymous namespace)::g_dmaCurrentEnv
libps2_runtime	Deci2.cpp.o	d	(anonymous namespace)::g_file_map
libps2_runtime	Deci2.cpp.o	d	(anonymous namespace)::g_file_mutex
libps2_runtime	Deci2.cpp.o	d	(anonymous namespace)::g_cdLeafIndex
libps2_runtime	Deci2.cpp.o	d	(anonymous namespace)::g_cdFilesByKey
libps2_runtime	Deci2.cpp.o	d	(anonymous namespace)::g_dmaStubMutex
libps2_runtime	Deci2.cpp.o	d	(anonymous namespace)::g_printfLogMutex
libps2_runtime	Deci2.cpp.o	d	(anonymous namespace)::g_cdImageSizePath
libps2_runtime	Deci2.cpp.o	d	(anonymous namespace)::g_cdLeafIndexRoot
libps2_runtime	Deci2.cpp.o	d	(anonymous namespace)::g_dmaPendingPolls
libps2_runtime	Deci2.cpp.o	d	(anonymous namespace)::g_cdLoosePathIndex
libps2_runtime	Deci2.cpp.o	d	(anonymous namespace)::g_stubWarningCount
libps2_runtime	Deci2.cpp.o	d	(anonymous namespace)::g_stubWarningMutex
libps2_runtime	FileIO.cpp.o	d	(anonymous namespace)::g_file_map
libps2_runtime	FileIO.cpp.o	d	(anonymous namespace)::g_file_mutex
libps2_runtime	FileIO.cpp.o	d	(anonymous namespace)::g_cdLeafIndex
libps2_runtime	FileIO.cpp.o	d	(anonymous namespace)::g_cdFilesByKey
libps2_runtime	FileIO.cpp.o	d	(anonymous namespace)::g_dmaStubMutex
libps2_runtime	FileIO.cpp.o	d	(anonymous namespace)::g_printfLogMutex
libps2_runtime	FileIO.cpp.o	d	(anonymous namespace)::g_cdImageSizePath
libps2_runtime	FileIO.cpp.o	d	(anonymous namespace)::g_cdLeafIndexRoot
libps2_runtime	FileIO.cpp.o	d	(anonymous namespace)::g_dmaPendingPolls
libps2_runtime	FileIO.cpp.o	d	(anonymous namespace)::g_cdLoosePathIndex
libps2_runtime	FileIO.cpp.o	d	(anonymous namespace)::g_stubWarningCount
libps2_runtime	FileIO.cpp.o	d	(anonymous namespace)::g_stubWarningMutex
libps2_runtime	FileIO.cpp.o	d	ps2_stubs::cvFsSetDefDev(unsigned char*, R5900Context*, PS2Runtime*)::logCount
libps2_runtime	Font.cpp.o	d	(anonymous namespace)::g_file_map
libps2_runtime	Font.cpp.o	d	(anonymous namespace)::g_file_mutex
libps2_runtime	Font.cpp.o	d	(anonymous namespace)::g_cdLeafIndex
libps2_runtime	Font.cpp.o	d	(anonymous namespace)::g_cdFilesByKey
libps2_runtime	Font.cpp.o	d	(anonymous namespace)::g_dmaStubMutex
libps2_runtime	Font.cpp.o	d	(anonymous namespace)::g_printfLogMutex
libps2_runtime	Font.cpp.o	d	(anonymous namespace)::g_cdImageSizePath
libps2_runtime	Font.cpp.o	d	(anonymous namespace)::g_cdLeafIndexRoot
libps2_runtime	Font.cpp.o	d	(anonymous namespace)::g_dmaPendingPolls
libps2_runtime	Font.cpp.o	d	(anonymous namespace)::g_cdLoosePathIndex
libps2_runtime	Font.cpp.o	d	(anonymous namespace)::g_stubWarningCount
libps2_runtime	Font.cpp.o	d	(anonymous namespace)::g_stubWarningMutex
libps2_runtime	GS.cpp.o	d	(anonymous namespace)::g_file_map
libps2_runtime	GS.cpp.o	d	(anonymous namespace)::g_file_mutex
libps2_runtime	GS.cpp.o	d	(anonymous namespace)::g_cdLeafIndex
libps2_runtime	GS.cpp.o	d	(anonymous namespace)::g_cdFilesByKey
libps2_runtime	GS.cpp.o	d	(anonymous namespace)::g_dmaStubMutex
libps2_runtime	GS.cpp.o	d	(anonymous namespace)::g_printfLogMutex
libps2_runtime	GS.cpp.o	d	(anonymous namespace)::g_cdImageSizePath
libps2_runtime	GS.cpp.o	d	(anonymous namespace)::g_cdLeafIndexRoot
libps2_runtime	GS.cpp.o	d	(anonymous namespace)::g_dmaPendingPolls
libps2_runtime	GS.cpp.o	d	(anonymous namespace)::g_cdLoosePathIndex
libps2_runtime	GS.cpp.o	d	(anonymous namespace)::g_stubWarningCount
libps2_runtime	GS.cpp.o	d	(anonymous namespace)::g_stubWarningMutex
libps2_runtime	GS.cpp.o	d	(anonymous namespace)::g_gparam
libps2_runtime	GS.cpp.o	d	ps2_stubs::Ps2SwapDBuff(unsigned char*, R5900Context*, PS2Runtime*)::logCount
libps2_runtime	GS.cpp.o	d	ps2_stubs::sceGsSwapDBuffDc(unsigned char*, R5900Context*, PS2Runtime*)::s_swapDbuffLogCount
libps2_runtime	GS.cpp.o	d	ps2_stubs::sceGsSyncVCallback(unsigned char*, R5900Context*, PS2Runtime*)::s_syncVCallbackLogCount
libps2_runtime	IPU.cpp.o	d	(anonymous namespace)::g_file_map
libps2_runtime	IPU.cpp.o	d	(anonymous namespace)::g_file_mutex
libps2_runtime	IPU.cpp.o	d	(anonymous namespace)::g_cdLeafIndex
libps2_runtime	IPU.cpp.o	d	(anonymous namespace)::g_cdFilesByKey
libps2_runtime	IPU.cpp.o	d	(anonymous namespace)::g_dmaStubMutex
libps2_runtime	IPU.cpp.o	d	(anonymous namespace)::g_printfLogMutex
libps2_runtime	IPU.cpp.o	d	(anonymous namespace)::g_cdImageSizePath
libps2_runtime	IPU.cpp.o	d	(anonymous namespace)::g_cdLeafIndexRoot
libps2_runtime	IPU.cpp.o	d	(anonymous namespace)::g_dmaPendingPolls
libps2_runtime	IPU.cpp.o	d	(anonymous namespace)::g_cdLoosePathIndex
libps2_runtime	IPU.cpp.o	d	(anonymous namespace)::g_stubWarningCount
libps2_runtime	IPU.cpp.o	d	(anonymous namespace)::g_stubWarningMutex
libps2_runtime	LibC.cpp.o	d	(anonymous namespace)::g_file_map
libps2_runtime	LibC.cpp.o	d	(anonymous namespace)::g_file_mutex
libps2_runtime	LibC.cpp.o	d	(anonymous namespace)::g_cdLeafIndex
libps2_runtime	LibC.cpp.o	d	(anonymous namespace)::g_cdFilesByKey
libps2_runtime	LibC.cpp.o	d	(anonymous namespace)::g_dmaStubMutex
libps2_runtime	LibC.cpp.o	d	(anonymous namespace)::g_printfLogMutex
libps2_runtime	LibC.cpp.o	d	(anonymous namespace)::g_cdImageSizePath
libps2_runtime	LibC.cpp.o	d	(anonymous namespace)::g_cdLeafIndexRoot
libps2_runtime	LibC.cpp.o	d	(anonymous namespace)::g_dmaPendingPolls
libps2_runtime	LibC.cpp.o	d	(anonymous namespace)::g_cdLoosePathIndex
libps2_runtime	LibC.cpp.o	d	(anonymous namespace)::g_next_file_handle
libps2_runtime	LibC.cpp.o	d	(anonymous namespace)::g_stubWarningCount
libps2_runtime	LibC.cpp.o	d	(anonymous namespace)::g_stubWarningMutex
libps2_runtime	LibC.cpp.o	d	ps2_stubs::(anonymous namespace)::sanitizeMemTransferSize(unsigned int, char const*)::s_warnMutex
libps2_runtime	LibC.cpp.o	d	ps2_stubs::(anonymous namespace)::sanitizeMemTransferSize(unsigned int, char const*)::s_warnCounts
libps2_runtime	LibC.cpp.o	d	ps2_stubs::sprintf(unsigned char*, R5900Context*, PS2Runtime*)::watchSprintfLogCount
libps2_runtime	MPEG.cpp.o	d	(anonymous namespace)::g_file_map
libps2_runtime	MPEG.cpp.o	d	(anonymous namespace)::g_file_mutex
libps2_runtime	MPEG.cpp.o	d	(anonymous namespace)::g_cdLeafIndex
libps2_runtime	MPEG.cpp.o	d	(anonymous namespace)::g_cdFilesByKey
libps2_runtime	MPEG.cpp.o	d	(anonymous namespace)::g_dmaStubMutex
libps2_runtime	MPEG.cpp.o	d	(anonymous namespace)::g_printfLogMutex
libps2_runtime	MPEG.cpp.o	d	(anonymous namespace)::g_cdImageSizePath
libps2_runtime	MPEG.cpp.o	d	(anonymous namespace)::g_cdLeafIndexRoot
libps2_runtime	MPEG.cpp.o	d	(anonymous namespace)::g_dmaPendingPolls
libps2_runtime	MPEG.cpp.o	d	(anonymous namespace)::g_cdLoosePathIndex
libps2_runtime	MPEG.cpp.o	d	(anonymous namespace)::g_stubWarningCount
libps2_runtime	MPEG.cpp.o	d	(anonymous namespace)::g_stubWarningMutex
libps2_runtime	MPEG.cpp.o	d	ps2_stubs::(anonymous namespace)::g_mpeg_stub_mutex
libps2_runtime	MPEG.cpp.o	d	ps2_stubs::(anonymous namespace)::g_mpeg_stub_state
libps2_runtime	MPEG.cpp.o	d	ps2_stubs::(anonymous namespace)::devSkipMovie()::skip
libps2_runtime	MPEG.cpp.o	d	ps2_stubs::(anonymous namespace)::MpegFfmpegDecoder::sendPacket(unsigned char const*, unsigned long, std::__1::deque<ps2_stubs::(anonymous namespace)::MpegDecodedFrame, std::__1::allocator<ps2_stubs::(anonymous namespace)::MpegDecodedFrame>>&, long long, long long)::s_rejectedPacketLogCount
libps2_runtime	MPEG.cpp.o	d	ps2_stubs::(anonymous namespace)::MpegFfmpegDecoder::receiveFrames(std::__1::deque<ps2_stubs::(anonymous namespace)::MpegDecodedFrame, std::__1::allocator<ps2_stubs::(anonymous namespace)::MpegDecodedFrame>>&)::s_receiveErrorLogCount
libps2_runtime	MPEG.cpp.o	d	ps2_stubs::(anonymous namespace)::MpegFfmpegDecoder::feed(unsigned char const*, unsigned long, std::__1::deque<ps2_stubs::(anonymous namespace)::MpegDecodedFrame, std::__1::allocator<ps2_stubs::(anonymous namespace)::MpegDecodedFrame>>&, long long, long long)::s_feedTraceOn
libps2_runtime	MPEG.cpp.o	d	ps2_stubs::(anonymous namespace)::MpegFfmpegDecoder::feed(unsigned char const*, unsigned long, std::__1::deque<ps2_stubs::(anonymous namespace)::MpegDecodedFrame, std::__1::allocator<ps2_stubs::(anonymous namespace)::MpegDecodedFrame>>&, long long, long long)::s_feedLogCount
libps2_runtime	MPEG.cpp.o	d	ps2_stubs::(anonymous namespace)::MpegFfmpegDecoder::feed(unsigned char const*, unsigned long, std::__1::deque<ps2_stubs::(anonymous namespace)::MpegDecodedFrame, std::__1::allocator<ps2_stubs::(anonymous namespace)::MpegDecodedFrame>>&, long long, long long)::s_feedTraceCount
libps2_runtime	MPEG.cpp.o	d	ps2_stubs::(anonymous namespace)::configureFfmpegLogLevel()::s_once
libps2_runtime	MPEG.cpp.o	d	ps2_stubs::(anonymous namespace)::maybeRunMpegVectorDiagnostic()::s_vectorRan
libps2_runtime	MPEG.cpp.o	d	ps2_stubs::sceMpegDemuxPssRing(unsigned char*, R5900Context*, PS2Runtime*)::s_demuxRingEntryCount
libps2_runtime	MPEG.cpp.o	d	ps2_stubs::notifyMpegCdStreamEof(PS2Runtime*)::s_eofLogCount
libps2_runtime	MemoryCard.cpp.o	d	(anonymous namespace)::g_file_map
libps2_runtime	MemoryCard.cpp.o	d	(anonymous namespace)::g_file_mutex
libps2_runtime	MemoryCard.cpp.o	d	(anonymous namespace)::g_cdLeafIndex
libps2_runtime	MemoryCard.cpp.o	d	(anonymous namespace)::g_cdFilesByKey
libps2_runtime	MemoryCard.cpp.o	d	(anonymous namespace)::g_dmaStubMutex
libps2_runtime	MemoryCard.cpp.o	d	(anonymous namespace)::g_printfLogMutex
libps2_runtime	MemoryCard.cpp.o	d	(anonymous namespace)::g_cdImageSizePath
libps2_runtime	MemoryCard.cpp.o	d	(anonymous namespace)::g_cdLeafIndexRoot
libps2_runtime	MemoryCard.cpp.o	d	(anonymous namespace)::g_dmaPendingPolls
libps2_runtime	MemoryCard.cpp.o	d	(anonymous namespace)::g_cdLoosePathIndex
libps2_runtime	MemoryCard.cpp.o	d	(anonymous namespace)::g_stubWarningCount
libps2_runtime	MemoryCard.cpp.o	d	(anonymous namespace)::g_stubWarningMutex
libps2_runtime	MemoryCard.cpp.o	d	ps2_stubs::(anonymous namespace)::g_mcNextFd
libps2_runtime	MemoryCard.cpp.o	d	ps2_stubs::(anonymous namespace)::g_mcLastCmd
libps2_runtime	MemoryCard.cpp.o	d	ps2_stubs::(anonymous namespace)::g_mcLastResult
libps2_runtime	MemoryCard.cpp.o	d	ps2_stubs::(anonymous namespace)::g_mcStateMutex
libps2_runtime	MemoryCard.cpp.o	d	ps2_stubs::(anonymous namespace)::g_cvMcFileCursor
libps2_runtime	MemoryCard.cpp.o	d	ps2_stubs::(anonymous namespace)::g_mcCommandPending
libps2_runtime	MemoryCard.cpp.o	d	ps2_stubs::(anonymous namespace)::g_mcFiles
libps2_runtime	MemoryCard.cpp.o	d	ps2_stubs::(anonymous namespace)::g_mcPorts
libps2_runtime	Pad.cpp.o	d	(anonymous namespace)::g_file_map
libps2_runtime	Pad.cpp.o	d	(anonymous namespace)::g_file_mutex
libps2_runtime	Pad.cpp.o	d	(anonymous namespace)::g_cdLeafIndex
libps2_runtime	Pad.cpp.o	d	(anonymous namespace)::g_cdFilesByKey
libps2_runtime	Pad.cpp.o	d	(anonymous namespace)::g_dmaStubMutex
libps2_runtime	Pad.cpp.o	d	(anonymous namespace)::g_printfLogMutex
libps2_runtime	Pad.cpp.o	d	(anonymous namespace)::g_cdImageSizePath
libps2_runtime	Pad.cpp.o	d	(anonymous namespace)::g_cdLeafIndexRoot
libps2_runtime	Pad.cpp.o	d	(anonymous namespace)::g_dmaPendingPolls
libps2_runtime	Pad.cpp.o	d	(anonymous namespace)::g_cdLoosePathIndex
libps2_runtime	Pad.cpp.o	d	(anonymous namespace)::g_stubWarningCount
libps2_runtime	Pad.cpp.o	d	(anonymous namespace)::g_stubWarningMutex
libps2_runtime	Pad.cpp.o	d	ps2_stubs::(anonymous namespace)::g_padPorts
libps2_runtime	Pad.cpp.o	d	ps2_stubs::(anonymous namespace)::g_padScript
libps2_runtime	Pad.cpp.o	d	ps2_stubs::(anonymous namespace)::g_padStimArmed (.0)
libps2_runtime	Pad.cpp.o	d	ps2_stubs::(anonymous namespace)::g_padStateMutex
libps2_runtime	Pad.cpp.o	d	ps2_stubs::(anonymous namespace)::g_padScriptArmed (.0)
libps2_runtime	Pad.cpp.o	d	ps2_stubs::(anonymous namespace)::g_padStimInitDone (.0)
libps2_runtime	Pad.cpp.o	d	ps2_stubs::(anonymous namespace)::g_padOverrideMutex
libps2_runtime	Pad.cpp.o	d	ps2_stubs::(anonymous namespace)::g_padOverrideState
libps2_runtime	Pad.cpp.o	d	ps2_stubs::(anonymous namespace)::g_padScriptInitDone (.0)
libps2_runtime	Pad.cpp.o	d	ps2_stubs::(anonymous namespace)::g_padOverrideEnabled
libps2_runtime	Pad.cpp.o	d	ps2_stubs::(anonymous namespace)::g_padStim
libps2_runtime	Pad.cpp.o	d	ps2_stubs::scePadGetFrameCount(unsigned char*, R5900Context*, PS2Runtime*)::frameCount
libps2_runtime	RPC.cpp.o	d	(anonymous namespace)::g_file_map
libps2_runtime	RPC.cpp.o	d	(anonymous namespace)::g_file_mutex
libps2_runtime	RPC.cpp.o	d	(anonymous namespace)::g_cdLeafIndex
libps2_runtime	RPC.cpp.o	d	(anonymous namespace)::g_cdFilesByKey
libps2_runtime	RPC.cpp.o	d	(anonymous namespace)::g_dmaStubMutex
libps2_runtime	RPC.cpp.o	d	(anonymous namespace)::g_printfLogMutex
libps2_runtime	RPC.cpp.o	d	(anonymous namespace)::g_cdImageSizePath
libps2_runtime	RPC.cpp.o	d	(anonymous namespace)::g_cdLeafIndexRoot
libps2_runtime	RPC.cpp.o	d	(anonymous namespace)::g_dmaPendingPolls
libps2_runtime	RPC.cpp.o	d	(anonymous namespace)::g_cdLoosePathIndex
libps2_runtime	RPC.cpp.o	d	(anonymous namespace)::g_stubWarningCount
libps2_runtime	RPC.cpp.o	d	(anonymous namespace)::g_stubWarningMutex
libps2_runtime	SIF.cpp.o	d	(anonymous namespace)::g_file_map
libps2_runtime	SIF.cpp.o	d	(anonymous namespace)::g_file_mutex
libps2_runtime	SIF.cpp.o	d	(anonymous namespace)::g_cdLeafIndex
libps2_runtime	SIF.cpp.o	d	(anonymous namespace)::g_cdFilesByKey
libps2_runtime	SIF.cpp.o	d	(anonymous namespace)::g_dmaStubMutex
libps2_runtime	SIF.cpp.o	d	(anonymous namespace)::g_printfLogMutex
libps2_runtime	SIF.cpp.o	d	(anonymous namespace)::g_cdImageSizePath
libps2_runtime	SIF.cpp.o	d	(anonymous namespace)::g_cdLeafIndexRoot
libps2_runtime	SIF.cpp.o	d	(anonymous namespace)::g_dmaPendingPolls
libps2_runtime	SIF.cpp.o	d	(anonymous namespace)::g_cdLoosePathIndex
libps2_runtime	SIF.cpp.o	d	(anonymous namespace)::g_stubWarningCount
libps2_runtime	SIF.cpp.o	d	(anonymous namespace)::g_stubWarningMutex
libps2_runtime	SIF.cpp.o	d	ps2_stubs::(anonymous namespace)::g_sifSregs
libps2_runtime	SIF.cpp.o	d	ps2_stubs::(anonymous namespace)::g_sifCmdBuffer
libps2_runtime	SIF.cpp.o	d	ps2_stubs::(anonymous namespace)::g_sifHeapMutex
libps2_runtime	SIF.cpp.o	d	ps2_stubs::(anonymous namespace)::g_sifCmdHandlers
libps2_runtime	SIF.cpp.o	d	ps2_stubs::(anonymous namespace)::g_sifHeapStorage
libps2_runtime	SIF.cpp.o	d	ps2_stubs::(anonymous namespace)::g_sifSysCmdBuffer
libps2_runtime	SIF.cpp.o	d	ps2_stubs::(anonymous namespace)::g_sifCmdStateMutex
libps2_runtime	SIF.cpp.o	d	ps2_stubs::(anonymous namespace)::g_sifGetRegLogCount
libps2_runtime	SIF.cpp.o	d	ps2_stubs::(anonymous namespace)::g_sifSetRegLogCount
libps2_runtime	SIF.cpp.o	d	ps2_stubs::(anonymous namespace)::g_sifHeapAllocations
libps2_runtime	SIF.cpp.o	d	ps2_stubs::(anonymous namespace)::g_sifDmaTransferMutex
libps2_runtime	SIF.cpp.o	d	ps2_stubs::(anonymous namespace)::g_nextSifDmaTransferId
libps2_runtime	SIF.cpp.o	d	ps2_stubs::(anonymous namespace)::g_sifRegs
libps2_runtime	SIF.cpp.o	d	ps2_stubs::sceSifSetDma(unsigned char*, R5900Context*, PS2Runtime*)::warnCount
libps2_runtime	SIF.cpp.o	d	ps2_stubs::sceSifGetOtherData(unsigned char*, R5900Context*, PS2Runtime*)::warnCount
libps2_runtime	SIF.cpp.o	d	ps2_stubs::sceSifGetOtherData(unsigned char*, R5900Context*, PS2Runtime*)::warnCount
libps2_runtime	Ssx3Movie.cpp.o	d	(anonymous namespace)::g_file_map
libps2_runtime	Ssx3Movie.cpp.o	d	(anonymous namespace)::g_file_mutex
libps2_runtime	Ssx3Movie.cpp.o	d	(anonymous namespace)::g_cdLeafIndex
libps2_runtime	Ssx3Movie.cpp.o	d	(anonymous namespace)::g_cdFilesByKey
libps2_runtime	Ssx3Movie.cpp.o	d	(anonymous namespace)::g_dmaStubMutex
libps2_runtime	Ssx3Movie.cpp.o	d	(anonymous namespace)::g_printfLogMutex
libps2_runtime	Ssx3Movie.cpp.o	d	(anonymous namespace)::g_cdImageSizePath
libps2_runtime	Ssx3Movie.cpp.o	d	(anonymous namespace)::g_cdLeafIndexRoot
libps2_runtime	Ssx3Movie.cpp.o	d	(anonymous namespace)::g_dmaPendingPolls
libps2_runtime	Ssx3Movie.cpp.o	d	(anonymous namespace)::g_cdLoosePathIndex
libps2_runtime	Ssx3Movie.cpp.o	d	(anonymous namespace)::g_stubWarningCount
libps2_runtime	Ssx3Movie.cpp.o	d	(anonymous namespace)::g_stubWarningMutex
libps2_runtime	Ssx3Movie.cpp.o	d	ps2_stubs::(anonymous namespace)::g_ssx3movie_invocations
libps2_runtime	System.cpp.o	d	(anonymous namespace)::g_file_map
libps2_runtime	System.cpp.o	d	(anonymous namespace)::g_file_mutex
libps2_runtime	System.cpp.o	d	(anonymous namespace)::g_cdLeafIndex
libps2_runtime	System.cpp.o	d	(anonymous namespace)::g_cdFilesByKey
libps2_runtime	System.cpp.o	d	(anonymous namespace)::g_dmaStubMutex
libps2_runtime	System.cpp.o	d	(anonymous namespace)::g_printfLogMutex
libps2_runtime	System.cpp.o	d	(anonymous namespace)::g_cdImageSizePath
libps2_runtime	System.cpp.o	d	(anonymous namespace)::g_cdLeafIndexRoot
libps2_runtime	System.cpp.o	d	(anonymous namespace)::g_dmaPendingPolls
libps2_runtime	System.cpp.o	d	(anonymous namespace)::g_cdLoosePathIndex
libps2_runtime	System.cpp.o	d	(anonymous namespace)::g_stubWarningCount
libps2_runtime	System.cpp.o	d	(anonymous namespace)::g_stubWarningMutex
libps2_runtime	System.cpp.o	d	ps2_stubs::builtin_set_imask(unsigned char*, R5900Context*, PS2Runtime*)::logCount
libps2_runtime	TTY.cpp.o	d	(anonymous namespace)::g_file_map
libps2_runtime	TTY.cpp.o	d	(anonymous namespace)::g_file_mutex
libps2_runtime	TTY.cpp.o	d	(anonymous namespace)::g_cdLeafIndex
libps2_runtime	TTY.cpp.o	d	(anonymous namespace)::g_cdFilesByKey
libps2_runtime	TTY.cpp.o	d	(anonymous namespace)::g_dmaStubMutex
libps2_runtime	TTY.cpp.o	d	(anonymous namespace)::g_printfLogMutex
libps2_runtime	TTY.cpp.o	d	(anonymous namespace)::g_cdImageSizePath
libps2_runtime	TTY.cpp.o	d	(anonymous namespace)::g_cdLeafIndexRoot
libps2_runtime	TTY.cpp.o	d	(anonymous namespace)::g_dmaPendingPolls
libps2_runtime	TTY.cpp.o	d	(anonymous namespace)::g_cdLoosePathIndex
libps2_runtime	TTY.cpp.o	d	(anonymous namespace)::g_stubWarningCount
libps2_runtime	TTY.cpp.o	d	(anonymous namespace)::g_stubWarningMutex
libps2_runtime	Unimplemented.cpp.o	d	(anonymous namespace)::g_file_map
libps2_runtime	Unimplemented.cpp.o	d	(anonymous namespace)::g_file_mutex
libps2_runtime	Unimplemented.cpp.o	d	(anonymous namespace)::g_cdLeafIndex
libps2_runtime	Unimplemented.cpp.o	d	(anonymous namespace)::g_cdFilesByKey
libps2_runtime	Unimplemented.cpp.o	d	(anonymous namespace)::g_dmaStubMutex
libps2_runtime	Unimplemented.cpp.o	d	(anonymous namespace)::g_printfLogMutex
libps2_runtime	Unimplemented.cpp.o	d	(anonymous namespace)::g_cdImageSizePath
libps2_runtime	Unimplemented.cpp.o	d	(anonymous namespace)::g_cdLeafIndexRoot
libps2_runtime	Unimplemented.cpp.o	d	(anonymous namespace)::g_dmaPendingPolls
libps2_runtime	Unimplemented.cpp.o	d	(anonymous namespace)::g_cdLoosePathIndex
libps2_runtime	Unimplemented.cpp.o	d	(anonymous namespace)::g_stubWarningCount
libps2_runtime	Unimplemented.cpp.o	d	(anonymous namespace)::g_stubWarningMutex
libps2_runtime	VU.cpp.o	d	(anonymous namespace)::g_file_map
libps2_runtime	VU.cpp.o	d	(anonymous namespace)::g_file_mutex
libps2_runtime	VU.cpp.o	d	(anonymous namespace)::g_cdLeafIndex
libps2_runtime	VU.cpp.o	d	(anonymous namespace)::g_cdFilesByKey
libps2_runtime	VU.cpp.o	d	(anonymous namespace)::g_dmaStubMutex
libps2_runtime	VU.cpp.o	d	(anonymous namespace)::g_printfLogMutex
libps2_runtime	VU.cpp.o	d	(anonymous namespace)::g_cdImageSizePath
libps2_runtime	VU.cpp.o	d	(anonymous namespace)::g_cdLeafIndexRoot
libps2_runtime	VU.cpp.o	d	(anonymous namespace)::g_dmaPendingPolls
libps2_runtime	VU.cpp.o	d	(anonymous namespace)::g_cdLoosePathIndex
libps2_runtime	VU.cpp.o	d	(anonymous namespace)::g_stubWarningCount
libps2_runtime	VU.cpp.o	d	(anonymous namespace)::g_stubWarningMutex
libps2_runtime	VU.cpp.o	d	ps2_stubs::sceVu0UnitMatrix(unsigned char*, R5900Context*, PS2Runtime*)::warnCount
libps2_runtime	Deci2.cpp.o	d	(anonymous namespace)::g_deci2Mutex
libps2_runtime	Deci2.cpp.o	d	(anonymous namespace)::g_deci2Sessions
libps2_runtime	Dispatcher.cpp.o	d	(anonymous namespace)::g_diagSyscallBlock
libps2_runtime	Dispatcher.cpp.o	d	(anonymous namespace)::g_diagSyscallCounts
libps2_runtime	Dispatcher.cpp.o	d	(anonymous namespace)::g_diagSyscallLastMs
libps2_runtime	Dispatcher.cpp.o	d	(anonymous namespace)::diagPeriodMs()::period
libps2_runtime	Dispatcher.cpp.o	d	ps2_syscalls::dispatchNumericSyscall(unsigned int, unsigned char*, R5900Context*, PS2Runtime*)::s_diagTick
libps2_runtime	FileIO.cpp.o	d	ps2_syscalls::g_vagAccum
libps2_runtime	FileIO.cpp.o	d	ps2_syscalls::g_vagAccumMutex
libps2_runtime	RPC.cpp.o	d	ps2_syscalls::(anonymous namespace)::kPs2OverrideReg_180
libps2_runtime	RPC.cpp.o	d	ps2_syscalls::(anonymous namespace)::g_ssx3SifHandshakeEnabled (.0)
libps2_runtime	RPC.cpp.o	d	rpcZeroRdram(unsigned char*, unsigned int, unsigned long)::warnCount
libps2_runtime	RPC.cpp.o	d	rpcCopyToRdram(unsigned char*, unsigned int, unsigned int, unsigned long)::warnCount
libps2_runtime	RPC.cpp.o	d	ps2_syscalls::(anonymous namespace)::logUnhandledRpcTrace(SifRpcDebugEvent const&)::loggedSignatures
libps2_runtime	RPC.cpp.o	d	ps2_syscalls::sendCmdDecoded(unsigned char*, R5900Context*, PS2Runtime*, ps2_snd_spike::SendCmdArgs const&)::handshakeCount
libps2_runtime	RPC.cpp.o	d	ps2_syscalls::sendCmdDecoded(unsigned char*, R5900Context*, PS2Runtime*, ps2_snd_spike::SendCmdArgs const&)::logCount
libps2_runtime	Ssx3CopiedPayload.cpp.o	d	ps2_syscalls::(anonymous namespace)::g_k1Enabled (.0)
libps2_runtime	Ssx3CopiedPayload.cpp.o	d	ps2_syscalls::(anonymous namespace)::g_wiredAlloc
libps2_runtime	Ssx3CopiedPayload.cpp.o	d	ps2_syscalls::(anonymous namespace)::g_helperServed
libps2_runtime	Ssx3CopiedPayload.cpp.o	d	ps2_syscalls::(anonymous namespace)::g_lookupServed
libps2_runtime	Ssx3CopiedPayload.cpp.o	d	ps2_syscalls::(anonymous namespace)::g_installLogged
libps2_runtime	Ssx3CopiedPayload.cpp.o	d	ps2_syscalls::(anonymous namespace)::g_provenanceFail
libps2_runtime	Ssx3CopiedPayload.cpp.o	d	ps2_syscalls::(anonymous namespace)::kPs2OverrideReg_194
libps2_runtime	Sync.cpp.o	d	ps2_syscalls::(anonymous namespace)::diagSemaCreateEnabled()::enabled
libps2_runtime	System.cpp.o	d	parseTimezoneOverrideMinutes(char const*)::warned
libps2_runtime	System.cpp.o	d	(anonymous namespace)::runSifLoadElfPart(unsigned char*, R5900Context*, PS2Runtime*, unsigned int, std::__1::basic_string<char, std::__1::char_traits<char>, std::__1::allocator<char>> const&, unsigned int)::successLogs
libps2_runtime	System.cpp.o	d	(anonymous namespace)::runSifLoadElfPart(unsigned char*, R5900Context*, PS2Runtime*, unsigned int, std::__1::basic_string<char, std::__1::char_traits<char>, std::__1::allocator<char>> const&, unsigned int)::logCount
libps2_runtime	System.cpp.o	d	(anonymous namespace)::loadElfIntoGuestMemory(std::__1::basic_string<char, std::__1::char_traits<char>, std::__1::allocator<char>> const&, unsigned char*, PS2Runtime*, std::__1::basic_string<char, std::__1::char_traits<char>, std::__1::allocator<char>> const&, GuestExecData&, std::__1::basic_string<char, std::__1::char_traits<char>, std::__1::allocator<char>>&)::secFilterLogCount
libps2_runtime	System.cpp.o	d	ps2_syscalls::applyGsCrt(PS2Runtime*, unsigned int, unsigned int, unsigned int, char const*)::s_legacy
libps2_runtime	System.cpp.o	d	ps2_syscalls::applyGsCrt(PS2Runtime*, unsigned int, unsigned int, unsigned int, char const*)::s_logged
libps2_runtime	System.cpp.o	d	ps2_syscalls::TODO(unsigned char*, R5900Context*, PS2Runtime*, unsigned int)::s_unknownMutex
libps2_runtime	System.cpp.o	d	ps2_syscalls::TODO(unsigned char*, R5900Context*, PS2Runtime*, unsigned int)::s_unknownCounts
libps2_runtime	TraceChannel.cpp.o	d	(anonymous namespace)::channelState()::state
libps2_gs_shadow	ps2_gs_parallel_backend.cpp.o	d	ps2x_present_share::(anonymous namespace)::g_shareMutex
