step	source_file	line_range	caller_or_data_source	observed_fact	unknown	proposed_probe
guest-submit	ps2xRuntime/src/lib/ps2_memory.cpp	2332-2359	PS2Memory::submitGifPacket; callers VIF1 XGKICK PATH1 (vu/ps2_vu1_core.cpp:934), DMA PATH3 (ps2_memory.cpp:2029/2058/2078), PATH2 VIF1 (ps2_vif1_interpreter.cpp:388/735)	GB4 Part 2: capture pklog path/length/FNV match live 165/165 by submit count; capture path metadata defaults PATH1, corrected by gb4p4.paths.txt (X5: 922/922 rows match tick/FNV/length/corrected-path)	Which guest builder emits the title-text packets visible in (600,700]; packet identity of first damaged glyph	Census pklog FNV+length+path rows for ticks 600-700; list PATH3 sprite packets touching the title-text region
queue-seam	ps2xRuntime/src/lib/gs/gs_frontend.cpp	929-958	GS::processGIFPacket; called from executeQueuedCommand GifPacket (gs_frontend.cpp:197-198), PS2Memory gif callback, ps2_runtime.cpp:802	GB4 Part 4: direct replay = live 59/59 (VRAM/priv/Present); queue replay = direct 60/60 twice; GB5D/GB6: 556/556 replays, 1982063 packets	None structural; this is the first reachable same-stream instrumentation point	Insert per-packet entry log (tick, submit-index, corrected path, byte FNV) at processGIFPacket head; run CPU vs parallel replay of gb4p4.capture.bin and diff the logs byte for byte
rawgif-fanout	ps2xRuntime/src/lib/gs/gs_frontend.cpp	953-958	GS::processGIFPacket lines 955-956: if m_rawGifBackend then m_backend->RawGifPacket; shadow ps2_gs_shadow.cpp:448-473 onGifPacket -> iface->gif_transfer(path,data,size) line 461	GB6: paraLLEl replay processed exactly 1982063 packets, 60 presents, 0 null/unsupported, init_ok=1, no SMODE1 override	paraLLEl internal decode of TEX0/CLAMP/TEST/ALPHA and its texture-cache fill from the same bytes	Hash input bytes at the fan-out on both backends and assert equality per submit-index before any pixel comparison
register-decode	ps2xRuntime/src/lib/gs/gs_frontend.cpp	1533-1549	GS::writeRegisterUnlocked case GS_REG_PRIM (decodePrimRegister; PRMODECONT gating); called from GIF PACKED/REGLIST decode (gs_frontend.cpp:1003/1088/1235)	p6 packet tag 5: PRIM raw 0x0000000000000006 = sprite; no per-glyph primitive in that packet	Which PRIM/TEX0/CLAMP/TEST/ALPHA combination draws the first damaged title glyph in (600,700]	Log PRIM + RGBAQ + XYZ2/XYZF2 per vertex-kick plus active TEX0_1/CLAMP_1/TEST_1/ALPHA_1/FRAME_1 at each sprite batch between markers 600 and 700
texture-state	ps2xRuntime/src/lib/gs/gs_frontend.cpp	1616-1641	GS::writeRegisterUnlocked cases GS_REG_TEX0_1/2 (tbp0/tbw/psm/tw/th/tcc/tfx/cbp/cpsm/csm/csa/cld) and GS_REG_CLAMP_1/2 (raw clamp word)	p6 packet: TEX0_1 raw 0x0000000268020000; CLAMP_1 raw 0x0000000000000005; FRAME_1/SCISSOR_1/XYOFFSET_1/ZBUF_1/TEST_1 values listed in glyph-packet-p6.txt	Which TEX0/CLAMP pair is active when the first damaged title glyph rasterizes; whether TBP0 points at freshly uploaded atlas pixels	Log (TEX0_1, CLAMP_1, TEX1_1, FRAME_1, TEST_1, ALPHA_1, XYOFFSET_1, SCISSOR_1) per sprite batch in ticks 600-700 on the CPU replay path
cpu-raster	ps2xRuntime/src/lib/gs/gs_cpu_backend.cpp	1126-1185	GSCpuBackend::DrawSprite; dispatched from DrawPrimitive (gs_cpu_backend.cpp:801); reads XYOFFSET, scissor, UV/ST, TEX0 via GSDrawState	CPU Present = CPU raw DISPFB1 page-112 read at all five p6 markers; GB5D: display_fbp=source_fbp=112, dispfb1=9070 at all ten markers	Per-glyph sprite rect, UV range and scissor at the first damaged title glyph	Log sprite rect (x0/y0/x1/y1 post-XYOFFSET, scissor clip), UV/ST, TEX0 TBP0/TBW/PSM per DrawSprite call in ticks 600-700; hash output crop per call
texture-sample	ps2xRuntime/src/lib/gs/gs_cpu_backend.cpp	1022-1083	GSCpuBackend::SampleTexture; called from DrawSprite (~1217/1221) and DrawTriangle (~1375); wrapTextureCoordinate + ReadVramUnlocked (gs_cpu_backend.cpp:646) + TEXA/CLUT LookupCLUT	GB5B: 13 crop-changing packets at 902-921 are one recurring PATH3 1696-byte FNV cc6dd8df composite; dropping tick-921 instance leaves final hashes unchanged (state-dependent repaint)	Whether glyph texels, CLAMP wrap, PSM/CLUT decode or TEXA differ between backends for the title-text sprite	Dump source texel block (TBP0/TBW/PSM/CBP/CPSM/CSM/CSA + pixel FNV) for each title-text sprite batch on CPU; paraLLEl side cannot supply this until its adapter exposes a texel tap
upload-path	ps2xRuntime/src/lib/gs/gs_frontend.cpp	1111-1158	GS::uploadImageNative + uploadImageNativeUnlocked (BITBLTBUF/TRXPOS/TRXREG/TRXDIR then processImageData); detector tryProcessNativeImageUploadPacket (gs_frontend.cpp:1160+); backend GSCpuBackend::UploadImage (gs_cpu_backend.cpp:1485-1510); capture ps2x_gs_capture.cpp:192-218	GB5D capture: 66244 transfers, 16264 priv writes, 1982063 packets, 3000 markers; zero native-upload/readback/clear events in gb4p4 capture	Which IMAGE upload feeds the glyph atlas before tick 300 (copyright) and before 700 (buttons); whether an upload is missed or mis-decoded on one path	Census all transfer setups (BITBLTBUF/TRXPOS/TRXREG/direction + payload FNV) for ticks 0-700 from the capture; diff against live pklog transfer rows
present-read	ps2xRuntime/src/lib/gs/gs_cpu_backend.cpp	1865-1895	GSCpuBackend::PresentFromLocalMemory (decodePmode/SMode2/DISPFB/DISPLAY, copySource); request built by GS::buildPresentationRequestUnlocked (gs_frontend.cpp:757-776); latched by latchHostPresentationFrame (gs_frontend.cpp:778+); replay emits GB4_FRAME at ps2_gs_replay_tests.cpp:698-709	GB5D: PMODE ff21 at all markers; lower crop CPU FNV 02bfd499 at 300-600 then 032a9954 at 700; paraLLEl f1414a21 at 300, d9a35135 at 700; full-frame diffs 12k-180k px	Whether correct glyph pixels are composited then altered by blend/present state, vs never rasterized correctly	Bounded same-stream diagnostic (see REPORT.md section 5): replay gb4p4.capture.bin + paths.txt on CPU and parallel, markers 300/600/700; compare Present vs raw-page reads with per-batch TEX0/CLAMP/TEST/ALPHA logged
