packet_index,tick,record_offset,corrected_path,embedded_path,length,fnv32
143805,949,158284846,3,1,1696,cc6dd8df
143806,949,158286560,2,1,144,53ef76a6
143807,949,158286722,2,1,128,67adc41e
143808,949,158286868,2,1,144,acba3b50
143809,949,158287030,2,1,144,53ef76a6
143810,949,158287192,2,1,128,67adc41e
143811,949,158287338,2,1,144,e5c1673b
143812,949,158287500,2,1,144,53ef76a6
143813,949,158287662,2,1,128,67adc41e
143814,949,158287808,2,1,16,fcce107b
143815,949,158287842,3,1,328320,d5a6100f
143816,949,158616385,2,1,16,fcce107b
143817,949,158616419,2,1,48,ad7e4b45
143818,949,158616485,1,1,208,7a3aa6a7
143819,949,158616711,1,1,208,327538c5
143820,949,158616937,1,1,208,e6a78835
143821,949,158617163,1,1,208,de8057fb
143822,949,158617389,1,1,208,ac273f16
143823,949,158617615,1,1,208,e6a78835
143824,949,158617841,1,1,208,327538c5
143825,949,158618067,1,1,208,327538c5
143826,949,158618293,1,1,208,327538c5
143827,949,158618519,1,1,208,70897b70
143828,949,158618745,1,1,208,4100adee
143829,949,158618971,1,1,208,e6a78835
143830,949,158619197,1,1,208,8da368bd
143831,949,158619423,1,1,208,65177499
143832,949,158619649,1,1,208,327538c5
143833,949,158619875,1,1,208,327538c5
143834,949,158620101,1,1,208,327538c5
143835,949,158620327,1,1,208,327538c5
143836,949,158620553,1,1,208,327538c5
143837,949,158620779,1,1,208,5223c932
143838,949,158621005,1,1,208,7a3aa6a7
143839,949,158621231,1,1,208,327538c5
143840,949,158621457,1,1,208,e6a78835
143841,949,158621683,1,1,208,de8057fb
143842,949,158621909,1,1,208,ac273f16
143843,949,158622135,1,1,208,e6a78835
143844,949,158622361,1,1,208,327538c5
143845,949,158622587,1,1,208,327538c5
143846,949,158622813,1,1,208,327538c5
143847,949,158623039,1,1,208,70897b70
143848,949,158623265,1,1,208,4100adee
143849,949,158623491,1,1,208,e6a78835
143850,949,158623717,1,1,208,8da368bd
143851,949,158623943,1,1,208,65177499
143852,949,158624169,1,1,208,327538c5
143853,949,158624395,1,1,208,327538c5
143854,949,158624621,1,1,208,327538c5
143855,949,158624847,1,1,208,327538c5
143856,949,158625073,1,1,208,327538c5
143857,949,158625299,1,1,208,5223c932
143858,949,158625525,2,1,96,eb999e94
143859,949,158625639,2,1,80,0eb4606c
143860,949,158625737,2,1,96,4ed4311d
143861,949,158625851,2,1,16,fcce107b
143862,949,158625885,2,1,16,fcce107b
143863,949,158625919,2,1,48,d7a78bf6
143864,949,158625985,1,1,208,ad7bd07e
143865,949,158626211,2,1,48,ad7e4b45
143866,949,158626277,1,1,208,49a3cc02
143867,949,158626503,1,1,208,1dc0d2e2
143868,949,158626729,1,1,208,7f0c9d9a
143869,949,158626955,1,1,208,a4af0bfa
143870,949,158627181,1,1,208,e9cd0792
143871,949,158627407,1,1,208,bda27b32
143872,949,158627633,1,1,208,a557de9a
143873,949,158627859,1,1,208,2498edda
143874,949,158628085,1,1,208,944e0e95
143875,949,158628311,1,1,208,af8a9475
143876,949,158628537,1,1,208,8cac44d5
143877,949,158628763,1,1,208,a3b8f1c9
143878,949,158628989,1,1,208,c9455e9d
143879,949,158629215,2,1,144,358db61e
143880,949,158629377,2,1,240,4648581b
143881,949,158629635,2,1,16,fcce107b
143882,949,158629669,2,1,16,fcce107b
143883,949,158629703,2,1,48,f50cf833
143884,949,158629769,1,1,208,165aeb02
143885,949,158629995,1,1,208,144c6382
143886,949,158630221,2,1,16,fcce107b
143887,949,158630255,2,1,16,fcce107b
143888,949,158630289,2,1,48,609c5847
143889,949,158630355,1,1,208,202bf60d
143890,949,158630581,2,1,336,3df9cb5c
143891,949,158630935,2,1,144,e16a7bff
143892,949,158631097,2,1,16,fcce107b
143893,949,158631131,2,1,16,fcce107b
143894,949,158631165,2,1,48,b528f048
143895,949,158631231,1,1,208,60b2b8c1
143896,949,158631457,1,1,208,67c55655
143897,949,158631683,1,1,208,e363ee55
143898,949,158631909,2,1,48,609c5847
143899,949,158631975,1,1,208,f0a8abf0
143900,949,158632201,2,1,48,78ae5e3b
143901,949,158632267,2,1,240,986786a8
143902,949,158632525,2,1,304,73f60092
143903,949,158632847,2,1,272,811d6714
143904,949,158633137,2,1,144,ee3bdda0
143905,949,158633299,2,1,528,e198a47c
143906,949,158633845,2,1,144,4e91bfe1
143907,949,158634007,2,1,144,834dbadb
143908,949,158634169,2,1,144,d2cb9e92
143909,949,158634331,2,1,144,f17ed352
143910,949,158634493,2,1,48,78adf7cf
143911,949,158634559,2,1,48,6b770a65
143912,949,158634625,1,1,2752,967e590c
143913,949,158637395,1,1,2848,2e00434e
143914,949,158640261,1,1,2656,c4abb4fd
143915,949,158642935,1,1,1744,fe6f3548
143916,949,158644697,1,1,2704,da7c2260
143917,949,158647419,1,1,2800,4284958d
143918,949,158650237,1,1,2752,355d127c
143919,949,158653007,1,1,2608,a28b40c2
143920,949,158655633,1,1,304,09afd61a
143921,949,158655955,1,1,2656,0e41cced
143922,949,158658629,1,1,2656,698e1a36
143923,949,158661303,1,1,2752,f4e9eadc
143924,949,158664073,1,1,2752,8148d9bf
143925,949,158666843,1,1,2704,c5ee7e90
143926,949,158669565,1,1,2704,51014567
143927,949,158672287,1,1,2608,f5b6b079
143928,949,158674913,1,1,2704,d8452c45
143929,949,158677635,1,1,2704,24140b7f
143930,949,158680357,1,1,736,038ed88d
143931,949,158681111,1,1,2608,c8bf6d27
143932,949,158683737,1,1,2704,31cc7f8d
143933,949,158686459,1,1,2560,3f276f92
143934,949,158689037,1,1,736,bd352fb6
143935,949,158689791,1,1,2608,9f9d393e
143936,949,158692417,1,1,2752,9072b7be
143937,949,158695187,1,1,160,9d97e3c6
143938,949,158695365,1,1,2704,f61a114c
143939,949,158698087,1,1,2032,55f506d6
143940,949,158700137,1,1,1936,65c8030a
143941,949,158702091,1,1,2800,36b46b19
143942,949,158704909,1,1,2800,c711c002
143943,949,158707727,1,1,2704,3a312dbf
143944,949,158710449,1,1,2752,2aca4230
143945,949,158713219,1,1,2656,04cc4a5a
143946,949,158715893,1,1,2704,bb3e3f18
143947,949,158718615,1,1,2752,7c07cbbe
143948,949,158721385,1,1,2800,57482ce1
143949,949,158724203,1,1,2608,e96f8afb
143950,949,158726829,1,1,2704,ae2017c4
143951,949,158729551,1,1,2704,15fe8179
143952,949,158732273,1,1,1936,86b4af15
143953,949,158734227,1,1,2800,a3d03d54
143954,949,158737045,1,1,2608,5d458306
143955,949,158739671,1,1,2704,ea2da381
143956,949,158742393,1,1,2800,16ee42f8
143957,949,158745211,1,1,2656,87fde90b
143958,949,158747885,1,1,2752,6f46575e
143959,949,158750655,1,1,2656,01a837cb
143960,949,158753329,1,1,1552,10524dd2
143961,949,158754899,2,1,48,d8360fe3
143962,949,158754965,1,1,16,dbbf3a0e
143963,949,158754999,1,1,16,dbbf3a0e
143964,949,158755033,1,1,2704,7cf8417e
143965,949,158757755,1,1,2752,18106015
143966,949,158760525,1,1,16,dbbf3a0e
143967,949,158760559,1,1,16,dbbf3a0e
143968,949,158760593,1,1,16,dbbf3a0e
143969,949,158760627,1,1,16,dbbf3a0e
143970,949,158760661,1,1,16,dbbf3a0e
143971,949,158760695,1,1,16,dbbf3a0e
143972,949,158760729,1,1,2656,bfcc9087
143973,949,158763403,1,1,2752,0271c81c
143974,949,158766173,1,1,16,dbbf3a0e
143975,949,158766207,1,1,16,dbbf3a0e
143976,949,158766241,1,1,16,dbbf3a0e
143977,949,158766275,1,1,16,dbbf3a0e
143978,949,158766309,1,1,16,dbbf3a0e
143979,949,158766343,1,1,16,dbbf3a0e
143980,949,158766377,1,1,2752,c712ed93
143981,949,158769147,1,1,1648,9537b330
143982,949,158770813,1,1,16,dbbf3a0e
143983,949,158770847,1,1,2704,4956d3ac
143984,949,158773569,1,1,2800,d44c48ef
143985,949,158776387,1,1,16,dbbf3a0e
143986,949,158776421,1,1,16,dbbf3a0e
143987,949,158776455,1,1,16,dbbf3a0e
143988,949,158776489,1,1,16,dbbf3a0e
143989,949,158776523,1,1,2656,812543ba
143990,949,158779197,1,1,2656,2ec87a66
143991,949,158781871,1,1,16,dbbf3a0e
143992,949,158781905,1,1,16,dbbf3a0e
143993,949,158781939,1,1,16,dbbf3a0e
143994,949,158781973,1,1,16,dbbf3a0e
143995,949,158782007,1,1,16,dbbf3a0e
143996,949,158782041,1,1,16,dbbf3a0e
143997,949,158782075,1,1,16,dbbf3a0e
143998,949,158782109,1,1,16,dbbf3a0e
143999,949,158782143,1,1,16,dbbf3a0e
144000,949,158782177,1,1,16,dbbf3a0e
144001,949,158782211,1,1,2752,682ade14
144002,949,158784981,1,1,1408,7da1a66e
144003,949,158786407,1,1,2800,eb816199
144004,949,158789225,1,1,2704,5c8a5613
144005,949,158791947,1,1,2176,0e987422
144006,949,158794141,2,1,48,c8a916df
144007,949,158794207,2,1,48,086ead41
144008,949,158794273,1,1,2704,ea12a557
144009,949,158796995,1,1,2032,b0a8096a
144010,949,158799045,1,1,2704,d6054680
144011,949,158801767,1,1,2032,af1c7682
144012,949,158803817,1,1,1792,aeeca62e
144013,949,158805627,1,1,1456,4d16e976
144014,949,158807101,1,1,2848,e59ae9a5
144015,949,158809967,2,1,48,a08da0d4
144016,949,158810033,2,1,48,6b770a65
144017,949,158810099,1,1,16,dbbf3a0e
144018,949,158810133,1,1,16,dbbf3a0e
144019,949,158810167,1,1,16,dbbf3a0e
144020,949,158810201,1,1,16,dbbf3a0e
144021,949,158810235,1,1,16,dbbf3a0e
144022,949,158810269,1,1,16,dbbf3a0e
144023,949,158810303,1,1,16,dbbf3a0e
144024,949,158810337,1,1,16,dbbf3a0e
144025,949,158810371,1,1,16,dbbf3a0e
144026,949,158810405,1,1,16,dbbf3a0e
144027,949,158810439,1,1,16,dbbf3a0e
144028,949,158810473,1,1,16,dbbf3a0e
144029,949,158810507,1,1,16,dbbf3a0e
144030,949,158810541,1,1,16,dbbf3a0e
144031,949,158810575,1,1,16,dbbf3a0e
144032,949,158810609,1,1,16,dbbf3a0e
144033,949,158810643,1,1,16,dbbf3a0e
144034,949,158810677,1,1,16,dbbf3a0e
144035,949,158810711,1,1,16,dbbf3a0e
144036,949,158810745,1,1,16,dbbf3a0e
144037,949,158810779,1,1,16,dbbf3a0e
144038,949,158810813,1,1,2704,0bb51c4f
144039,949,158813535,1,1,2800,34dccfa8
144040,949,158816353,1,1,16,dbbf3a0e
144041,949,158816387,1,1,16,dbbf3a0e
144042,949,158816421,1,1,16,dbbf3a0e
144043,949,158816455,1,1,16,dbbf3a0e
144044,949,158816489,1,1,16,dbbf3a0e
144045,949,158816523,1,1,16,dbbf3a0e
144046,949,158816557,1,1,16,dbbf3a0e
144047,949,158816591,1,1,16,dbbf3a0e
144048,949,158816625,1,1,16,dbbf3a0e
144049,949,158816659,1,1,16,dbbf3a0e
144050,949,158816693,1,1,16,dbbf3a0e
144051,949,158816727,1,1,16,dbbf3a0e
144052,949,158816761,1,1,16,dbbf3a0e
144053,949,158816795,1,1,2848,96c5e37a
144054,949,158819661,1,1,2848,33884130
144055,949,158822527,1,1,16,dbbf3a0e
144056,949,158822561,1,1,16,dbbf3a0e
144057,949,158822595,1,1,16,dbbf3a0e
144058,949,158822629,1,1,16,dbbf3a0e
144059,949,158822663,1,1,16,dbbf3a0e
144060,949,158822697,1,1,16,dbbf3a0e
144061,949,158822731,1,1,16,dbbf3a0e
144062,949,158822765,1,1,16,dbbf3a0e
144063,949,158822799,1,1,16,dbbf3a0e
144064,949,158822833,1,1,16,dbbf3a0e
144065,949,158822867,1,1,16,dbbf3a0e
144066,949,158822901,1,1,16,dbbf3a0e
144067,949,158822935,1,1,16,dbbf3a0e
144068,949,158822969,1,1,16,dbbf3a0e
144069,949,158823003,1,1,16,dbbf3a0e
144070,949,158823037,1,1,16,dbbf3a0e
144071,949,158823071,1,1,16,dbbf3a0e
144072,949,158823105,1,1,16,dbbf3a0e
144073,949,158823139,1,1,2656,7e116ffb
144074,949,158825813,1,1,2704,16e53541
144075,949,158828535,1,1,16,dbbf3a0e
144076,949,158828569,1,1,16,dbbf3a0e
144077,949,158828603,1,1,16,dbbf3a0e
144078,949,158828637,1,1,16,dbbf3a0e
144079,949,158828671,1,1,16,dbbf3a0e
144080,949,158828705,1,1,16,dbbf3a0e
144081,949,158828739,1,1,16,dbbf3a0e
144082,949,158828773,1,1,16,dbbf3a0e
144083,949,158828807,1,1,16,dbbf3a0e
144084,949,158828841,1,1,16,dbbf3a0e
144085,949,158828875,1,1,16,dbbf3a0e
144086,949,158828909,1,1,16,dbbf3a0e
144087,949,158828943,1,1,16,dbbf3a0e
144088,949,158828977,1,1,16,dbbf3a0e
144089,949,158829011,1,1,16,dbbf3a0e
144090,949,158829045,1,1,16,dbbf3a0e
144091,949,158829079,1,1,16,dbbf3a0e
144092,949,158829113,1,1,2848,c80cf7a5
144093,949,158831979,1,1,2752,58b69dbb
144094,949,158834749,1,1,16,dbbf3a0e
144095,949,158834783,1,1,16,dbbf3a0e
144096,949,158834817,1,1,16,dbbf3a0e
144097,949,158834851,1,1,16,dbbf3a0e
144098,949,158834885,1,1,16,dbbf3a0e
144099,949,158834919,1,1,16,dbbf3a0e
144100,949,158834953,1,1,16,dbbf3a0e
144101,949,158834987,1,1,16,dbbf3a0e
144102,949,158835021,1,1,16,dbbf3a0e
144103,949,158835055,1,1,16,dbbf3a0e
144104,949,158835089,1,1,16,dbbf3a0e
144105,949,158835123,1,1,16,dbbf3a0e
144106,949,158835157,1,1,16,dbbf3a0e
144107,949,158835191,1,1,16,dbbf3a0e
144108,949,158835225,1,1,16,dbbf3a0e
144109,949,158835259,1,1,16,dbbf3a0e
144110,949,158835293,1,1,16,dbbf3a0e
144111,949,158835327,1,1,16,dbbf3a0e
144112,949,158835361,1,1,16,dbbf3a0e
144113,949,158835395,1,1,16,dbbf3a0e
144114,949,158835429,1,1,2752,60ff9841
144115,949,158838199,1,1,2656,98c2399b
144116,949,158840873,1,1,16,dbbf3a0e
144117,949,158840907,1,1,16,dbbf3a0e
144118,949,158840941,1,1,16,dbbf3a0e
144119,949,158840975,1,1,16,dbbf3a0e
144120,949,158841009,1,1,16,dbbf3a0e
144121,949,158841043,1,1,16,dbbf3a0e
144122,949,158841077,1,1,16,dbbf3a0e
144123,949,158841111,1,1,16,dbbf3a0e
144124,949,158841145,1,1,16,dbbf3a0e
144125,949,158841179,1,1,16,dbbf3a0e
144126,949,158841213,1,1,16,dbbf3a0e
144127,949,158841247,1,1,16,dbbf3a0e
144128,949,158841281,1,1,16,dbbf3a0e
144129,949,158841315,1,1,16,dbbf3a0e
144130,949,158841349,1,1,16,dbbf3a0e
144131,949,158841383,1,1,2800,05166a53
144132,949,158844201,1,1,2656,bfdb1cff
144133,949,158846875,1,1,16,dbbf3a0e
144134,949,158846909,1,1,16,dbbf3a0e
144135,949,158846943,1,1,16,dbbf3a0e
144136,949,158846977,1,1,16,dbbf3a0e
144137,949,158847011,1,1,16,dbbf3a0e
144138,949,158847045,1,1,16,dbbf3a0e
144139,949,158847079,1,1,16,dbbf3a0e
144140,949,158847113,1,1,16,dbbf3a0e
144141,949,158847147,1,1,16,dbbf3a0e
144142,949,158847181,1,1,16,dbbf3a0e
144143,949,158847215,1,1,16,dbbf3a0e
144144,949,158847249,1,1,16,dbbf3a0e
144145,949,158847283,1,1,16,dbbf3a0e
144146,949,158847317,1,1,16,dbbf3a0e
144147,949,158847351,1,1,16,dbbf3a0e
144148,949,158847385,1,1,16,dbbf3a0e
144149,949,158847419,1,1,16,dbbf3a0e
144150,949,158847453,1,1,2752,6fb6a732
144151,949,158850223,1,1,2752,b1a64f11
144152,949,158852993,1,1,16,dbbf3a0e
144153,949,158853027,1,1,16,dbbf3a0e
144154,949,158853061,1,1,16,dbbf3a0e
144155,949,158853095,1,1,16,dbbf3a0e
144156,949,158853129,1,1,16,dbbf3a0e
144157,949,158853163,1,1,16,dbbf3a0e
144158,949,158853197,1,1,16,dbbf3a0e
144159,949,158853231,1,1,16,dbbf3a0e
144160,949,158853265,1,1,16,dbbf3a0e
144161,949,158853299,1,1,16,dbbf3a0e
144162,949,158853333,1,1,16,dbbf3a0e
144163,949,158853367,1,1,16,dbbf3a0e
144164,949,158853401,1,1,16,dbbf3a0e
144165,949,158853435,1,1,16,dbbf3a0e
144166,949,158853469,1,1,16,dbbf3a0e
144167,949,158853503,1,1,16,dbbf3a0e
144168,949,158853537,1,1,16,dbbf3a0e
144169,949,158853571,1,1,16,dbbf3a0e
144170,949,158853605,1,1,16,dbbf3a0e
144171,949,158853639,1,1,16,dbbf3a0e
144172,949,158853673,1,1,16,dbbf3a0e
144173,949,158853707,1,1,16,dbbf3a0e
144174,949,158853741,1,1,2656,d8031e57
144175,949,158856415,1,1,2752,a1b3b6f2
144176,949,158859185,1,1,16,dbbf3a0e
144177,949,158859219,1,1,16,dbbf3a0e
144178,949,158859253,1,1,16,dbbf3a0e
144179,949,158859287,1,1,16,dbbf3a0e
144180,949,158859321,1,1,16,dbbf3a0e
144181,949,158859355,1,1,16,dbbf3a0e
144182,949,158859389,1,1,16,dbbf3a0e
144183,949,158859423,1,1,16,dbbf3a0e
144184,949,158859457,1,1,16,dbbf3a0e
144185,949,158859491,1,1,16,dbbf3a0e
144186,949,158859525,1,1,16,dbbf3a0e
144187,949,158859559,1,1,16,dbbf3a0e
144188,949,158859593,1,1,16,dbbf3a0e
144189,949,158859627,1,1,16,dbbf3a0e
144190,949,158859661,1,1,16,dbbf3a0e
144191,949,158859695,1,1,16,dbbf3a0e
144192,949,158859729,1,1,16,dbbf3a0e
144193,949,158859763,1,1,16,dbbf3a0e
144194,949,158859797,1,1,16,dbbf3a0e
144195,949,158859831,1,1,16,dbbf3a0e
144196,949,158859865,1,1,16,dbbf3a0e
144197,949,158859899,1,1,16,dbbf3a0e
144198,949,158859933,1,1,2752,004fa488
144199,949,158862703,1,1,2656,5351b65b
144200,949,158865377,1,1,16,dbbf3a0e
144201,949,158865411,1,1,16,dbbf3a0e
144202,949,158865445,1,1,16,dbbf3a0e
144203,949,158865479,1,1,16,dbbf3a0e
144204,949,158865513,1,1,16,dbbf3a0e
144205,949,158865547,1,1,16,dbbf3a0e
144206,949,158865581,1,1,16,dbbf3a0e
144207,949,158865615,1,1,16,dbbf3a0e
144208,949,158865649,1,1,16,dbbf3a0e
144209,949,158865683,1,1,16,dbbf3a0e
144210,949,158865717,1,1,16,dbbf3a0e
144211,949,158865751,1,1,16,dbbf3a0e
144212,949,158865785,1,1,16,dbbf3a0e
144213,949,158865819,1,1,16,dbbf3a0e
144214,949,158865853,1,1,16,dbbf3a0e
144215,949,158865887,1,1,16,dbbf3a0e
144216,949,158865921,1,1,16,dbbf3a0e
144217,949,158865955,1,1,16,dbbf3a0e
144218,949,158865989,1,1,16,dbbf3a0e
144219,949,158866023,1,1,16,dbbf3a0e
144220,949,158866057,1,1,2656,7b79250b
144221,949,158868731,1,1,2704,2f152da2
144222,949,158871453,1,1,16,dbbf3a0e
144223,949,158871487,1,1,16,dbbf3a0e
144224,949,158871521,1,1,16,dbbf3a0e
144225,949,158871555,1,1,16,dbbf3a0e
144226,949,158871589,1,1,16,dbbf3a0e
144227,949,158871623,1,1,16,dbbf3a0e
144228,949,158871657,1,1,16,dbbf3a0e
144229,949,158871691,1,1,16,dbbf3a0e
144230,949,158871725,1,1,16,dbbf3a0e
144231,949,158871759,1,1,16,dbbf3a0e
144232,949,158871793,1,1,16,dbbf3a0e
144233,949,158871827,1,1,16,dbbf3a0e
144234,949,158871861,1,1,16,dbbf3a0e
144235,949,158871895,1,1,16,dbbf3a0e
144236,949,158871929,1,1,2032,94a15400
144237,949,158873979,1,1,2032,94a15400
144238,949,158876029,1,1,2608,8c920a19
144239,949,158878655,1,1,2080,1b12b6ff
144240,949,158880753,2,1,144,a832ba28
144241,949,158880915,2,1,48,78ae5e3b
144242,949,158880981,2,1,912,908c0be6
144243,949,158881911,2,1,1520,2eef92a3
144244,949,158883449,2,1,1424,67c432b9
144245,949,158884891,2,1,1520,0185f12b
144246,949,158886429,2,1,1360,4f21b53b
144247,949,158887807,2,1,304,231fe046
144248,949,158888129,2,1,368,0ec1bc85
144249,949,158888515,2,1,464,d690fe44
144250,949,158888997,2,1,208,e81d23b5
144251,949,158889223,2,1,128,bb6e8ba1
144252,949,158889369,2,1,48,919f3c14
144253,949,158889435,1,1,2752,1b88715d
144254,949,158892205,1,1,2704,95382764
144255,949,158894927,1,1,2752,779dbdbf
144256,949,158897697,1,1,2656,38df090e
144257,949,158900371,1,1,2752,28bd233d
144258,949,158903141,1,1,2800,bc408804
144259,949,158905959,1,1,2752,65591f1e
144260,949,158908729,1,1,2752,a3158aa8
144261,949,158911499,1,1,2656,1b9a7497
144262,949,158914173,1,1,592,3a0e5616
144263,949,158914783,2,1,48,fe8f2d45
144264,949,158914849,1,1,2560,1be3f898
144265,949,158917427,1,1,1840,430c780a
144266,950,158919448,3,1,1696,cc6dd8df
144267,950,158921162,2,1,144,53ef76a6
144268,950,158921324,2,1,128,67adc41e
144269,950,158921470,2,1,144,acba3b50
144270,950,158921632,2,1,144,53ef76a6
144271,950,158921794,2,1,128,67adc41e
144272,950,158921940,2,1,144,e5c1673b
144273,950,158922102,2,1,144,53ef76a6
144274,950,158922264,2,1,128,67adc41e
144275,950,158922410,2,1,16,fcce107b
144276,950,158922444,3,1,328320,d5a6100f
144277,950,159250987,2,1,16,fcce107b
144278,950,159251021,2,1,48,ad7e4b45
144279,950,159251087,1,1,208,9e67d0fb
144280,950,159251313,1,1,208,327538c5
144281,950,159251539,1,1,208,e6a78835
144282,950,159251765,1,1,208,d92f3cf5
144283,950,159251991,1,1,208,27712af4
144284,950,159252217,1,1,208,e6a78835
144285,950,159252443,1,1,208,327538c5
144286,950,159252669,1,1,208,327538c5
144287,950,159252895,1,1,208,327538c5
144288,950,159253121,1,1,208,4ac7affa
144289,950,159253347,1,1,208,4100adee
144290,950,159253573,1,1,208,e6a78835
144291,950,159253799,1,1,208,8da368bd
144292,950,159254025,1,1,208,65177499
144293,950,159254251,1,1,208,327538c5
144294,950,159254477,1,1,208,327538c5
144295,950,159254703,1,1,208,327538c5
144296,950,159254929,1,1,208,327538c5
144297,950,159255155,1,1,208,327538c5
144298,950,159255381,1,1,208,4e328d3d
144299,950,159255607,1,1,208,9e67d0fb
144300,950,159255833,1,1,208,327538c5
144301,950,159256059,1,1,208,e6a78835
144302,950,159256285,1,1,208,d92f3cf5
144303,950,159256511,1,1,208,27712af4
144304,950,159256737,1,1,208,e6a78835
144305,950,159256963,1,1,208,327538c5
144306,950,159257189,1,1,208,327538c5
144307,950,159257415,1,1,208,327538c5
144308,950,159257641,1,1,208,4ac7affa
144309,950,159257867,1,1,208,4100adee
144310,950,159258093,1,1,208,e6a78835
144311,950,159258319,1,1,208,8da368bd
144312,950,159258545,1,1,208,65177499
144313,950,159258771,1,1,208,327538c5
144314,950,159258997,1,1,208,327538c5
144315,950,159259223,1,1,208,327538c5
144316,950,159259449,1,1,208,327538c5
144317,950,159259675,1,1,208,327538c5
144318,950,159259901,1,1,208,4e328d3d
144319,950,159260127,2,1,96,eb999e94
144320,950,159260241,2,1,80,0eb4606c
144321,950,159260339,2,1,96,4ed4311d
144322,950,159260453,2,1,16,fcce107b
144323,950,159260487,2,1,16,fcce107b
144324,950,159260521,2,1,48,d7a78bf6
144325,950,159260587,1,1,208,ad7bd07e
144326,950,159260813,2,1,48,ad7e4b45
144327,950,159260879,1,1,208,49a3cc02
144328,950,159261105,1,1,208,1dc0d2e2
144329,950,159261331,1,1,208,7f0c9d9a
144330,950,159261557,1,1,208,a4af0bfa
144331,950,159261783,1,1,208,e9cd0792
144332,950,159262009,1,1,208,bda27b32
144333,950,159262235,1,1,208,a557de9a
144334,950,159262461,1,1,208,2498edda
144335,950,159262687,1,1,208,944e0e95
144336,950,159262913,1,1,208,af8a9475
144337,950,159263139,1,1,208,8cac44d5
144338,950,159263365,1,1,208,a3b8f1c9
144339,950,159263591,1,1,208,c9455e9d
144340,950,159263817,2,1,144,358db61e
144341,950,159263979,2,1,240,4648581b
144342,950,159264237,2,1,16,fcce107b
144343,950,159264271,2,1,16,fcce107b
144344,950,159264305,2,1,48,f50cf833
144345,950,159264371,1,1,208,165aeb02
144346,950,159264597,1,1,208,144c6382
144347,950,159264823,2,1,16,fcce107b
144348,950,159264857,2,1,16,fcce107b
144349,950,159264891,2,1,48,609c5847
144350,950,159264957,1,1,208,202bf60d
144351,950,159265183,2,1,336,3df9cb5c
144352,950,159265537,2,1,144,e16a7bff
144353,950,159265699,2,1,16,fcce107b
144354,950,159265733,2,1,16,fcce107b
144355,950,159265767,2,1,48,b528f048
144356,950,159265833,1,1,208,60b2b8c1
144357,950,159266059,1,1,208,67c55655
144358,950,159266285,1,1,208,e363ee55
144359,950,159266511,2,1,48,609c5847
144360,950,159266577,1,1,208,f0a8abf0
144361,950,159266803,2,1,48,78ae5e3b
144362,950,159266869,2,1,240,986786a8
144363,950,159267127,2,1,304,73f60092
144364,950,159267449,2,1,272,811d6714
144365,950,159267739,2,1,144,ee3bdda0
144366,950,159267901,2,1,528,e198a47c
144367,950,159268447,2,1,144,4e91bfe1
144368,950,159268609,2,1,144,834dbadb
144369,950,159268771,2,1,144,d2cb9e92
144370,950,159268933,2,1,144,f17ed352
144371,950,159269095,2,1,48,78adf7cf
144372,950,159269161,2,1,48,6b770a65
144373,950,159269227,1,1,2752,db22afac
144374,950,159271997,1,1,2848,2d512e93
144375,950,159274863,1,1,2656,3765e0a9
144376,950,159277537,1,1,1744,37da37ec
144377,950,159279299,1,1,2704,f0de1f8d
144378,950,159282021,1,1,2800,c26a1459
144379,950,159284839,1,1,2752,a2c52e37
144380,950,159287609,1,1,2608,f9564392
144381,950,159290235,1,1,304,a18f82f5
144382,950,159290557,1,1,2656,88dd0379
144383,950,159293231,1,1,2656,18d786bf
144384,950,159295905,1,1,2752,e307f0c3
144385,950,159298675,1,1,2752,67ce324f
144386,950,159301445,1,1,2704,448addb7
144387,950,159304167,1,1,2704,df6c5e69
144388,950,159306889,1,1,2608,a26112af
144389,950,159309515,1,1,2704,e8aeefc3
144390,950,159312237,1,1,2704,e3ef2125
144391,950,159314959,1,1,736,9b0e031c
144392,950,159315713,1,1,2608,301c8c08
144393,950,159318339,1,1,2704,231c071c
144394,950,159321061,1,1,2560,aa70082f
144395,950,159323639,1,1,736,ed74e8b1
144396,950,159324393,1,1,2608,0204cbbd
144397,950,159327019,1,1,2752,f5ec43f7
144398,950,159329789,1,1,160,602c3dec
144399,950,159329967,1,1,2704,087aef5a
144400,950,159332689,1,1,2032,a9d3a495
144401,950,159334739,1,1,1936,2bb609bb
144402,950,159336693,1,1,2800,5e228516
144403,950,159339511,1,1,2800,0221fe5f
144404,950,159342329,1,1,2704,9118532c
144405,950,159345051,1,1,2752,8d9230a1
144406,950,159347821,1,1,2656,8878e3fd
144407,950,159350495,1,1,2704,b4d670e9
144408,950,159353217,1,1,2752,14a272a7
144409,950,159355987,1,1,2800,54cc4af5
144410,950,159358805,1,1,2608,f02a1492
144411,950,159361431,1,1,2704,c62f1c5c
144412,950,159364153,1,1,2704,a8593af8
144413,950,159366875,1,1,1936,4fd95c3c
144414,950,159368829,1,1,2800,9f694258
144415,950,159371647,1,1,2608,ed3a33d0
144416,950,159374273,1,1,2704,3c6c8c0b
144417,950,159376995,1,1,2800,48e84b64
144418,950,159379813,1,1,2656,8b8b0e48
144419,950,159382487,1,1,2752,27e9ddb9
144420,950,159385257,1,1,2656,88829028
144421,950,159387931,1,1,1552,01597cba
144422,950,159389501,2,1,48,d8360fe3
144423,950,159389567,1,1,16,dbbf3a0e
144424,950,159389601,1,1,16,dbbf3a0e
144425,950,159389635,1,1,2704,f7432abc
144426,950,159392357,1,1,2752,54723f71
144427,950,159395127,1,1,16,dbbf3a0e
144428,950,159395161,1,1,16,dbbf3a0e
144429,950,159395195,1,1,16,dbbf3a0e
144430,950,159395229,1,1,16,dbbf3a0e
144431,950,159395263,1,1,16,dbbf3a0e
144432,950,159395297,1,1,16,dbbf3a0e
144433,950,159395331,1,1,2656,9e75eee3
144434,950,159398005,1,1,2752,b393fd83
144435,950,159400775,1,1,16,dbbf3a0e
144436,950,159400809,1,1,16,dbbf3a0e
144437,950,159400843,1,1,16,dbbf3a0e
144438,950,159400877,1,1,16,dbbf3a0e
144439,950,159400911,1,1,16,dbbf3a0e
144440,950,159400945,1,1,16,dbbf3a0e
144441,950,159400979,1,1,2752,680383e4
144442,950,159403749,1,1,1648,a36fe3a7
144443,950,159405415,1,1,16,dbbf3a0e
144444,950,159405449,1,1,2704,2af68136
144445,950,159408171,1,1,2800,19184e5d
144446,950,159410989,1,1,16,dbbf3a0e
144447,950,159411023,1,1,16,dbbf3a0e
144448,950,159411057,1,1,16,dbbf3a0e
144449,950,159411091,1,1,16,dbbf3a0e
144450,950,159411125,1,1,2656,d1079676
144451,950,159413799,1,1,2656,d3432f01
144452,950,159416473,1,1,16,dbbf3a0e
144453,950,159416507,1,1,16,dbbf3a0e
144454,950,159416541,1,1,16,dbbf3a0e
144455,950,159416575,1,1,16,dbbf3a0e
144456,950,159416609,1,1,16,dbbf3a0e
144457,950,159416643,1,1,16,dbbf3a0e
144458,950,159416677,1,1,16,dbbf3a0e
144459,950,159416711,1,1,16,dbbf3a0e
144460,950,159416745,1,1,16,dbbf3a0e
144461,950,159416779,1,1,16,dbbf3a0e
144462,950,159416813,1,1,2752,f073e701
144463,950,159419583,1,1,1408,82b3d1a8
144464,950,159421009,1,1,2800,543c355b
144465,950,159423827,1,1,2704,7d7fccc7
144466,950,159426549,1,1,2176,ab7e6f5c
144467,950,159428743,2,1,48,c8a916df
144468,950,159428809,2,1,48,086ead41
144469,950,159428875,1,1,2704,ea12a557
144470,950,159431597,1,1,2032,479edd0d
144471,950,159433647,1,1,2704,d6054680
144472,950,159436369,1,1,2032,13b95889
144473,950,159438419,1,1,1792,aeeca62e
144474,950,159440229,1,1,1456,4d16e976
144475,950,159441703,1,1,2848,128578ee
144476,950,159444569,2,1,48,a08da0d4
144477,950,159444635,2,1,48,6b770a65
144478,950,159444701,1,1,16,dbbf3a0e
144479,950,159444735,1,1,16,dbbf3a0e
144480,950,159444769,1,1,16,dbbf3a0e
144481,950,159444803,1,1,16,dbbf3a0e
144482,950,159444837,1,1,16,dbbf3a0e
144483,950,159444871,1,1,16,dbbf3a0e
144484,950,159444905,1,1,16,dbbf3a0e
144485,950,159444939,1,1,16,dbbf3a0e
144486,950,159444973,1,1,16,dbbf3a0e
144487,950,159445007,1,1,16,dbbf3a0e
144488,950,159445041,1,1,16,dbbf3a0e
144489,950,159445075,1,1,16,dbbf3a0e
144490,950,159445109,1,1,16,dbbf3a0e
144491,950,159445143,1,1,16,dbbf3a0e
144492,950,159445177,1,1,16,dbbf3a0e
144493,950,159445211,1,1,16,dbbf3a0e
144494,950,159445245,1,1,16,dbbf3a0e
144495,950,159445279,1,1,16,dbbf3a0e
144496,950,159445313,1,1,16,dbbf3a0e
144497,950,159445347,1,1,16,dbbf3a0e
144498,950,159445381,1,1,16,dbbf3a0e
144499,950,159445415,1,1,2704,d9b66b77
144500,950,159448137,1,1,2800,8ab2a20d
144501,950,159450955,1,1,16,dbbf3a0e
144502,950,159450989,1,1,16,dbbf3a0e
144503,950,159451023,1,1,16,dbbf3a0e
144504,950,159451057,1,1,16,dbbf3a0e
144505,950,159451091,1,1,16,dbbf3a0e
144506,950,159451125,1,1,16,dbbf3a0e
144507,950,159451159,1,1,16,dbbf3a0e
144508,950,159451193,1,1,16,dbbf3a0e
144509,950,159451227,1,1,16,dbbf3a0e
144510,950,159451261,1,1,16,dbbf3a0e
144511,950,159451295,1,1,16,dbbf3a0e
144512,950,159451329,1,1,16,dbbf3a0e
144513,950,159451363,1,1,16,dbbf3a0e
144514,950,159451397,1,1,2848,b50da121
144515,950,159454263,1,1,2848,4346bd7a
144516,950,159457129,1,1,16,dbbf3a0e
144517,950,159457163,1,1,16,dbbf3a0e
144518,950,159457197,1,1,16,dbbf3a0e
144519,950,159457231,1,1,16,dbbf3a0e
144520,950,159457265,1,1,16,dbbf3a0e
144521,950,159457299,1,1,16,dbbf3a0e
144522,950,159457333,1,1,16,dbbf3a0e
144523,950,159457367,1,1,16,dbbf3a0e
144524,950,159457401,1,1,16,dbbf3a0e
144525,950,159457435,1,1,16,dbbf3a0e
144526,950,159457469,1,1,16,dbbf3a0e
144527,950,159457503,1,1,16,dbbf3a0e
144528,950,159457537,1,1,16,dbbf3a0e
144529,950,159457571,1,1,16,dbbf3a0e
144530,950,159457605,1,1,16,dbbf3a0e
144531,950,159457639,1,1,16,dbbf3a0e
144532,950,159457673,1,1,16,dbbf3a0e
144533,950,159457707,1,1,16,dbbf3a0e
144534,950,159457741,1,1,2656,21e0cd45
144535,950,159460415,1,1,2704,3451196a
144536,950,159463137,1,1,16,dbbf3a0e
144537,950,159463171,1,1,16,dbbf3a0e
144538,950,159463205,1,1,16,dbbf3a0e
144539,950,159463239,1,1,16,dbbf3a0e
144540,950,159463273,1,1,16,dbbf3a0e
144541,950,159463307,1,1,16,dbbf3a0e
144542,950,159463341,1,1,16,dbbf3a0e
144543,950,159463375,1,1,16,dbbf3a0e
144544,950,159463409,1,1,16,dbbf3a0e
144545,950,159463443,1,1,16,dbbf3a0e
144546,950,159463477,1,1,16,dbbf3a0e
144547,950,159463511,1,1,16,dbbf3a0e
144548,950,159463545,1,1,16,dbbf3a0e
144549,950,159463579,1,1,16,dbbf3a0e
144550,950,159463613,1,1,16,dbbf3a0e
144551,950,159463647,1,1,16,dbbf3a0e
144552,950,159463681,1,1,16,dbbf3a0e
144553,950,159463715,1,1,2848,b63130f4
144554,950,159466581,1,1,2752,c91e3116
144555,950,159469351,1,1,16,dbbf3a0e
144556,950,159469385,1,1,16,dbbf3a0e
144557,950,159469419,1,1,16,dbbf3a0e
144558,950,159469453,1,1,16,dbbf3a0e
144559,950,159469487,1,1,16,dbbf3a0e
144560,950,159469521,1,1,16,dbbf3a0e
144561,950,159469555,1,1,16,dbbf3a0e
144562,950,159469589,1,1,16,dbbf3a0e
144563,950,159469623,1,1,16,dbbf3a0e
144564,950,159469657,1,1,16,dbbf3a0e
144565,950,159469691,1,1,16,dbbf3a0e
144566,950,159469725,1,1,16,dbbf3a0e
144567,950,159469759,1,1,16,dbbf3a0e
144568,950,159469793,1,1,16,dbbf3a0e
144569,950,159469827,1,1,16,dbbf3a0e
144570,950,159469861,1,1,16,dbbf3a0e
144571,950,159469895,1,1,16,dbbf3a0e
144572,950,159469929,1,1,16,dbbf3a0e
144573,950,159469963,1,1,16,dbbf3a0e
144574,950,159469997,1,1,16,dbbf3a0e
144575,950,159470031,1,1,2752,31e4b9ad
144576,950,159472801,1,1,2656,f750a391
144577,950,159475475,1,1,16,dbbf3a0e
144578,950,159475509,1,1,16,dbbf3a0e
144579,950,159475543,1,1,16,dbbf3a0e
144580,950,159475577,1,1,16,dbbf3a0e
144581,950,159475611,1,1,16,dbbf3a0e
144582,950,159475645,1,1,16,dbbf3a0e
144583,950,159475679,1,1,16,dbbf3a0e
144584,950,159475713,1,1,16,dbbf3a0e
144585,950,159475747,1,1,16,dbbf3a0e
144586,950,159475781,1,1,16,dbbf3a0e
144587,950,159475815,1,1,16,dbbf3a0e
144588,950,159475849,1,1,16,dbbf3a0e
144589,950,159475883,1,1,16,dbbf3a0e
144590,950,159475917,1,1,16,dbbf3a0e
144591,950,159475951,1,1,16,dbbf3a0e
144592,950,159475985,1,1,2800,5af4ab31
144593,950,159478803,1,1,2656,50faac00
144594,950,159481477,1,1,16,dbbf3a0e
144595,950,159481511,1,1,16,dbbf3a0e
144596,950,159481545,1,1,16,dbbf3a0e
144597,950,159481579,1,1,16,dbbf3a0e
144598,950,159481613,1,1,16,dbbf3a0e
144599,950,159481647,1,1,16,dbbf3a0e
144600,950,159481681,1,1,16,dbbf3a0e
144601,950,159481715,1,1,16,dbbf3a0e
144602,950,159481749,1,1,16,dbbf3a0e
144603,950,159481783,1,1,16,dbbf3a0e
144604,950,159481817,1,1,16,dbbf3a0e
144605,950,159481851,1,1,16,dbbf3a0e
144606,950,159481885,1,1,16,dbbf3a0e
144607,950,159481919,1,1,16,dbbf3a0e
144608,950,159481953,1,1,16,dbbf3a0e
144609,950,159481987,1,1,16,dbbf3a0e
144610,950,159482021,1,1,16,dbbf3a0e
144611,950,159482055,1,1,2752,dd4fd4ca
144612,950,159484825,1,1,2752,8a8794ee
144613,950,159487595,1,1,16,dbbf3a0e
144614,950,159487629,1,1,16,dbbf3a0e
144615,950,159487663,1,1,16,dbbf3a0e
144616,950,159487697,1,1,16,dbbf3a0e
144617,950,159487731,1,1,16,dbbf3a0e
144618,950,159487765,1,1,16,dbbf3a0e
144619,950,159487799,1,1,16,dbbf3a0e
144620,950,159487833,1,1,16,dbbf3a0e
144621,950,159487867,1,1,16,dbbf3a0e
144622,950,159487901,1,1,16,dbbf3a0e
144623,950,159487935,1,1,16,dbbf3a0e
144624,950,159487969,1,1,16,dbbf3a0e
144625,950,159488003,1,1,16,dbbf3a0e
144626,950,159488037,1,1,16,dbbf3a0e
144627,950,159488071,1,1,16,dbbf3a0e
144628,950,159488105,1,1,16,dbbf3a0e
144629,950,159488139,1,1,16,dbbf3a0e
144630,950,159488173,1,1,16,dbbf3a0e
144631,950,159488207,1,1,16,dbbf3a0e
144632,950,159488241,1,1,16,dbbf3a0e
144633,950,159488275,1,1,16,dbbf3a0e
144634,950,159488309,1,1,16,dbbf3a0e
144635,950,159488343,1,1,2656,c6687e0a
144636,950,159491017,1,1,2752,85e20bac
144637,950,159493787,1,1,16,dbbf3a0e
144638,950,159493821,1,1,16,dbbf3a0e
144639,950,159493855,1,1,16,dbbf3a0e
144640,950,159493889,1,1,16,dbbf3a0e
144641,950,159493923,1,1,16,dbbf3a0e
144642,950,159493957,1,1,16,dbbf3a0e
144643,950,159493991,1,1,16,dbbf3a0e
144644,950,159494025,1,1,16,dbbf3a0e
144645,950,159494059,1,1,16,dbbf3a0e
144646,950,159494093,1,1,16,dbbf3a0e
144647,950,159494127,1,1,16,dbbf3a0e
144648,950,159494161,1,1,16,dbbf3a0e
144649,950,159494195,1,1,16,dbbf3a0e
144650,950,159494229,1,1,16,dbbf3a0e
144651,950,159494263,1,1,16,dbbf3a0e
144652,950,159494297,1,1,16,dbbf3a0e
144653,950,159494331,1,1,16,dbbf3a0e
144654,950,159494365,1,1,16,dbbf3a0e
144655,950,159494399,1,1,16,dbbf3a0e
144656,950,159494433,1,1,16,dbbf3a0e
144657,950,159494467,1,1,16,dbbf3a0e
144658,950,159494501,1,1,16,dbbf3a0e
144659,950,159494535,1,1,2752,49cb9d7a
144660,950,159497305,1,1,2656,586b36a6
144661,950,159499979,1,1,16,dbbf3a0e
144662,950,159500013,1,1,16,dbbf3a0e
144663,950,159500047,1,1,16,dbbf3a0e
144664,950,159500081,1,1,16,dbbf3a0e
144665,950,159500115,1,1,16,dbbf3a0e
144666,950,159500149,1,1,16,dbbf3a0e
144667,950,159500183,1,1,16,dbbf3a0e
144668,950,159500217,1,1,16,dbbf3a0e
144669,950,159500251,1,1,16,dbbf3a0e
144670,950,159500285,1,1,16,dbbf3a0e
144671,950,159500319,1,1,16,dbbf3a0e
144672,950,159500353,1,1,16,dbbf3a0e
144673,950,159500387,1,1,16,dbbf3a0e
144674,950,159500421,1,1,16,dbbf3a0e
144675,950,159500455,1,1,16,dbbf3a0e
144676,950,159500489,1,1,16,dbbf3a0e
144677,950,159500523,1,1,16,dbbf3a0e
144678,950,159500557,1,1,16,dbbf3a0e
144679,950,159500591,1,1,16,dbbf3a0e
144680,950,159500625,1,1,16,dbbf3a0e
144681,950,159500659,1,1,2656,2c7156ff
144682,950,159503333,1,1,2704,3cea6446
144683,950,159506055,1,1,16,dbbf3a0e
144684,950,159506089,1,1,16,dbbf3a0e
144685,950,159506123,1,1,16,dbbf3a0e
144686,950,159506157,1,1,16,dbbf3a0e
144687,950,159506191,1,1,16,dbbf3a0e
144688,950,159506225,1,1,16,dbbf3a0e
144689,950,159506259,1,1,16,dbbf3a0e
144690,950,159506293,1,1,16,dbbf3a0e
144691,950,159506327,1,1,16,dbbf3a0e
144692,950,159506361,1,1,16,dbbf3a0e
144693,950,159506395,1,1,16,dbbf3a0e
144694,950,159506429,1,1,16,dbbf3a0e
144695,950,159506463,1,1,16,dbbf3a0e
144696,950,159506497,1,1,16,dbbf3a0e
144697,950,159506531,1,1,2032,c4daed13
144698,950,159508581,1,1,2032,c4daed13
144699,950,159510631,1,1,2608,f8d7e27c
144700,950,159513257,1,1,2080,18977f62
144701,950,159515355,2,1,144,a832ba28
144702,950,159515517,2,1,48,78ae5e3b
144703,950,159515583,2,1,912,908c0be6
144704,950,159516513,2,1,1520,2eef92a3
144705,950,159518051,2,1,1424,67c432b9
144706,950,159519493,2,1,1520,0185f12b
144707,950,159521031,2,1,1360,4f21b53b
144708,950,159522409,2,1,304,231fe046
144709,950,159522731,2,1,368,0ec1bc85
144710,950,159523117,2,1,464,d690fe44
144711,950,159523599,2,1,208,e81d23b5
144712,950,159523825,2,1,128,bb6e8ba1
144713,950,159523971,2,1,48,919f3c14
144714,950,159524037,1,1,2752,371d5fc4
144715,950,159526807,1,1,2704,e9ddaf81
144716,950,159529529,1,1,2752,706e148d
144717,950,159532299,1,1,2656,52ad42ab
144718,950,159534973,1,1,2752,e810c129
144719,950,159537743,1,1,2800,f00b3ea4
144720,950,159540561,1,1,2752,cbfd4154
144721,950,159543331,1,1,2752,dd28a2de
144722,950,159546101,1,1,2656,388c7d2d
144723,950,159548775,1,1,592,7db893bd
144724,950,159549385,2,1,48,fe8f2d45
144725,950,159549451,1,1,2560,0c5fc385
144726,950,159552029,1,1,1840,0701282f
