block	marker_line	stub_distinct	t1	t3	t6	w29	w31	s29	s31	syscall_ids	fire_rel
0	6618	973	2/29/0x423de8	0/0/0x416934	2/36/0x423de8	522	522	522	522	0x2f,0x44,0x42,0xffffffbd,0x64,0x40,0x45,0x41,0xfc,0x4b,0x74,0x5b,0x14,0x10,0x22,0x20,0x15,0x3e,0x6f,0x4a	pre
1	34375	491	2/29/0x423de8	2/30/0x423de8	2/36/0x423de8	298	299	299	299	0x2f,0x44,0x42,0xffffffbd,0x64,0x45,0x29	pre
2	50583	222	0/0/0x2c6074	2/30/0x423de8	2/36/0x423de8	302	301	301	301	0x2f,0x44,0x42,0xffffffbd,0x45,0x64	pre
3	65232	222	2/29/0x423de8	2/30/0x423de8	2/36/0x423de8	303	303	303	303	0x2f,0x44,0x42,0xffffffbd,0x64,0x45	pre
4	75631	222	2/29/0x423de8	2/30/0x423de8	2/36/0x423de8	302	302	302	302	0x2f,0x44,0x42,0xffffffbd,0x64,0x45	pre
5	85998	222	2/29/0x423de8	2/30/0x423de8	2/36/0x423de8	303	303	303	303	0x2f,0x44,0x42,0xffffffbd,0x64,0x45	pre
6	96396	222	2/29/0x423de8	2/30/0x423de8	2/36/0x423de8	304	304	304	304	0x2f,0x44,0x42,0xffffffbd,0x64,0x45	pre
7	106837	222	2/29/0x423de8	2/30/0x423de8	2/36/0x423de8	297	298	298	298	0x2f,0x44,0x42,0xffffffbd,0x64,0x45	pre
8	117066	222	1/0/0x423dc8	2/30/0x423de8	2/36/0x423de8	302	301	301	301	0x2f,0x44,0x42,0xffffffbd,0x64,0x45	pre
9	127413	222	2/29/0x423de8	2/30/0x423de8	2/36/0x423de8	300	300	300	300	0x2f,0x44,0x42,0xffffffbd,0x64,0x45	pre
10	137708	222	2/29/0x423de8	2/30/0x423de8	2/36/0x423de8	301	301	301	301	0x2f,0x44,0x42,0xffffffbd,0x64,0x45	pre
11	148049	222	2/29/0x423de8	2/30/0x423de8	2/36/0x423de8	303	303	303	303	0x2f,0x44,0x42,0xffffffbd,0x64,0x45	pre
12	158460	222	2/29/0x423de8	2/30/0x423de8	2/36/0x423de8	302	303	303	303	0x2f,0x44,0x42,0xffffffbd,0x64,0x45	pre
13	168793	222	0/0/0x2c6074	2/30/0x423de8	2/36/0x423de8	300	299	299	299	0x2f,0x44,0x42,0xffffffbd,0x45,0x64	pre
14	179124	222	2/29/0x423de8	2/30/0x423de8	2/36/0x423de8	303	303	303	303	0x2f,0x44,0x42,0xffffffbd,0x64,0x45	pre
15	189530	222	2/29/0x423de8	2/30/0x423de8	2/36/0x423de8	301	302	302	302	0x2f,0x44,0x42,0xffffffbd,0x64,0x45	pre
16	199879	222	1/0/0x423dc8	2/30/0x423de8	2/36/0x423de8	300	300	300	300	0x2f,0x44,0x42,0xffffffbd,0x64,0x45	pre
17	210177	222	0/0/0x38f364	2/30/0x423de8	2/36/0x423de8	299	299	299	299	0x2f,0x44,0x42,0xffffffbd,0x64,0x45	pre
18	220436	222	0/0/0x186c04	2/30/0x423de8	2/36/0x423de8	302	301	301	301	0x2f,0x44,0x42,0xffffffbd,0x45,0x64	pre
19	230787	222	2/29/0x423de8	2/30/0x423de8	2/36/0x423de8	300	301	301	301	0x2f,0x44,0x42,0xffffffbd,0x64,0x45	pre
20	241116	222	1/0/0x423dc8	2/30/0x423de8	2/36/0x423de8	302	301	301	301	0x2f,0x44,0x42,0xffffffbd,0x64,0x45	pre
21	251462	222	2/29/0x423de8	2/30/0x423de8	2/36/0x423de8	302	303	303	303	0x2f,0x44,0x42,0xffffffbd,0x64,0x45	pre
22	261805	222	0/0/0x186c04	2/30/0x423de8	2/36/0x423de8	299	299	299	299	0x2f,0x44,0x42,0xffffffbd,0x45,0x64	pre
23	272070	222	0/0/0x2c6074	2/30/0x423de8	2/36/0x423de8	302	301	301	301	0x2f,0x44,0x42,0xffffffbd,0x45,0x64	pre
24	282473	222	2/29/0x423de8	2/30/0x423de8	2/36/0x423de8	300	300	300	300	0x2f,0x44,0x42,0xffffffbd,0x64,0x45	pre
25	292773	222	2/29/0x423de8	2/30/0x423de8	2/36/0x423de8	303	303	303	303	0x2f,0x44,0x42,0xffffffbd,0x64,0x45	pre
26	303178	222	2/29/0x423de8	2/30/0x423de8	2/36/0x423de8	299	299	299	299	0x2f,0x44,0x42,0xffffffbd,0x64,0x45	pre
27	313451	222	2/29/0x423de8	2/30/0x423de8	2/36/0x423de8	302	302	302	303	0x2f,0x44,0x42,0xffffffbd,0x64,0x45	pre
28	323826	222	2/29/0x423de8	2/30/0x423de8	2/36/0x423de8	300	300	300	299	0x2f,0x44,0x42,0xffffffbd,0x64,0x45	pre
29	334120	222	2/29/0x423de8	2/30/0x423de8	2/36/0x423de8	301	301	301	301	0x2f,0x44,0x42,0xffffffbd,0x64,0x45	pre
30	344461	222	2/29/0x423de8	2/30/0x423de8	2/36/0x423de8	303	303	303	303	0x2f,0x44,0x42,0xffffffbd,0x64,0x45	pre
31	354875	222	2/29/0x423de8	2/30/0x423de8	2/36/0x423de8	300	301	301	301	0x2f,0x44,0x42,0xffffffbd,0x64,0x45	pre
32	365200	222	0/0/0x186c04	2/30/0x423de8	2/36/0x423de8	301	300	300	300	0x2f,0x44,0x42,0xffffffbd,0x45,0x64	pre
33	375515	222	2/29/0x423de8	2/30/0x423de8	2/36/0x423de8	300	301	301	301	0x2f,0x44,0x42,0xffffffbd,0x64,0x45	pre
34	385823	222	0/0/0x2c6074	2/30/0x423de8	2/36/0x423de8	302	302	302	302	0x2f,0x44,0x42,0xffffffbd,0x45,0x64	pre
35	396214	222	1/0/0x423dc8	2/30/0x423de8	2/36/0x423de8	299	298	298	298	0x2f,0x44,0x42,0xffffffbd,0x64,0x45	pre
36	406453	222	2/29/0x423de8	2/30/0x423de8	2/36/0x423de8	300	301	301	301	0x2f,0x44,0x42,0xffffffbd,0x64,0x45	pre
37	416781	222	1/0/0x423dc8	2/30/0x423de8	2/36/0x423de8	303	303	303	303	0x2f,0x44,0x42,0xffffffbd,0x64,0x45	pre
38	427134	222	0/0/0x2c6074	2/30/0x423de8	2/36/0x423de8	299	298	298	298	0x2f,0x44,0x42,0xffffffbd,0x45,0x64	pre
39	437431	222	2/29/0x423de8	2/30/0x423de8	2/36/0x423de8	301	302	302	302	0x2f,0x44,0x42,0xffffffbd,0x64,0x45	pre
40	447782	222	0/0/0x186c04	2/30/0x423de8	2/36/0x423de8	301	300	300	300	0x2f,0x44,0x42,0xffffffbd,0x45,0x64	pre
41	458108	222	2/29/0x423de8	2/30/0x423de8	2/36/0x423de8	300	301	301	301	0x2f,0x44,0x42,0xffffffbd,0x64,0x45	pre
42	468393	222	0/0/0x186c04	2/30/0x423de8	2/36/0x423de8	302	302	302	302	0x2f,0x44,0x42,0xffffffbd,0x45,0x64	pre
43	478775	222	0/0/0x39b72c	2/30/0x423de8	2/36/0x423de8	300	300	300	300	0x2f,0x44,0x42,0xffffffbd,0x45,0x64	pre
44	489120	222	1/0/0x423dc8	2/30/0x423de8	2/36/0x423de8	300	299	299	299	0x2f,0x44,0x42,0xffffffbd,0x64,0x45	pre
45	499404	222	2/29/0x423de8	2/30/0x423de8	2/36/0x423de8	302	303	303	303	0x2f,0x44,0x42,0xffffffbd,0x64,0x45	pre
46	509798	222	1/0/0x423dc8	2/30/0x423de8	2/36/0x423de8	299	299	299	299	0x2f,0x44,0x42,0xffffffbd,0x64,0x45	pre
47	520010	222	0/0/0x2c6074	2/30/0x423de8	2/36/0x423de8	300	299	299	299	0x2f,0x44,0x42,0xffffffbd,0x45,0x64	pre
48	530335	222	2/29/0x423de8	2/30/0x423de8	2/36/0x423de8	302	302	302	302	0x2f,0x44,0x42,0xffffffbd,0x64,0x45	pre
49	540710	222	2/29/0x423de8	2/30/0x423de8	2/36/0x423de8	302	302	302	302	0x2f,0x44,0x42,0xffffffbd,0x64,0x45	pre
50	551076	222	2/29/0x423de8	2/30/0x423de8	2/36/0x423de8	301	301	301	301	0x2f,0x44,0x42,0xffffffbd,0x64,0x45	pre
51	561418	222	2/29/0x423de8	2/30/0x423de8	2/36/0x423de8	303	304	304	304	0x2f,0x44,0x42,0xffffffbd,0x64,0x45	pre
52	571825	222	0/0/0x2c6074	2/30/0x423de8	2/36/0x423de8	299	298	298	298	0x2f,0x44,0x42,0xffffffbd,0x45,0x64	pre
53	582080	222	2/29/0x423de8	2/30/0x423de8	2/36/0x423de8	302	302	302	302	0x2f,0x44,0x42,0xffffffbd,0x64,0x45	pre
54	592455	222	2/29/0x423de8	2/30/0x423de8	2/36/0x423de8	300	300	300	300	0x2f,0x44,0x42,0xffffffbd,0x64,0x45	pre
55	602758	222	2/29/0x423de8	2/30/0x423de8	2/36/0x423de8	301	302	302	302	0x2f,0x44,0x42,0xffffffbd,0x64,0x45	pre
56	613105	222	2/29/0x423de8	2/30/0x423de8	2/36/0x423de8	300	299	299	299	0x2f,0x44,0x42,0xffffffbd,0x64,0x45	pre
57	623399	222	2/29/0x423de8	2/30/0x423de8	2/36/0x423de8	299	300	300	300	0x2f,0x44,0x42,0xffffffbd,0x64,0x45	pre
58	633697	222	1/0/0x423dc8	2/30/0x423de8	2/36/0x423de8	302	302	302	302	0x2f,0x44,0x42,0xffffffbd,0x64,0x45	pre
59	644048	222	0/0/0x2c6074	2/30/0x423de8	2/36/0x423de8	299	298	298	298	0x2f,0x44,0x42,0xffffffbd,0x45,0x64	pre
60	654307	222	2/29/0x423de8	2/30/0x423de8	2/36/0x423de8	303	303	303	303	0x2f,0x44,0x42,0xffffffbd,0x64,0x45	pre
61	664718	222	2/29/0x423de8	2/30/0x423de8	2/36/0x423de8	303	303	303	303	0x2f,0x44,0x42,0xffffffbd,0x64,0x45	pre
62	675122	222	2/29/0x423de8	2/30/0x423de8	2/36/0x423de8	299	299	299	299	0x2f,0x44,0x42,0xffffffbd,0x64,0x45	pre
63	685392	222	2/29/0x423de8	2/30/0x423de8	2/36/0x423de8	302	302	302	302	0x2f,0x44,0x42,0xffffffbd,0x64,0x45	pre
64	695764	222	2/29/0x423de8	2/30/0x423de8	2/36/0x423de8	301	301	301	301	0x2f,0x44,0x42,0xffffffbd,0x64,0x45	pre
65	706106	222	2/29/0x423de8	2/30/0x423de8	2/36/0x423de8	303	303	303	303	0x2f,0x44,0x42,0xffffffbd,0x64,0x45	pre
66	716495	222	2/29/0x423de8	2/30/0x423de8	2/36/0x423de8	300	300	300	300	0x2f,0x44,0x42,0xffffffbd,0x64,0x45	pre
67	726785	222	2/29/0x423de8	2/30/0x423de8	2/36/0x423de8	302	302	302	302	0x2f,0x44,0x42,0xffffffbd,0x64,0x45	pre
68	737153	222	2/29/0x423de8	2/30/0x423de8	2/36/0x423de8	299	299	299	299	0x2f,0x44,0x42,0xffffffbd,0x64,0x45	pre
69	747420	222	2/29/0x423de8	2/30/0x423de8	2/36/0x423de8	302	303	303	303	0x2f,0x44,0x42,0xffffffbd,0x64,0x45	pre
70	757800	222	0/0/0x2c6074	2/30/0x423de8	2/36/0x423de8	298	297	297	297	0x2f,0x44,0x42,0xffffffbd,0x45,0x64	pre
71	768027	222	2/29/0x423de8	2/30/0x423de8	2/36/0x423de8	303	303	303	303	0x2f,0x44,0x42,0xffffffbd,0x64,0x45	pre
72	778437	222	2/29/0x423de8	2/30/0x423de8	2/36/0x423de8	298	298	298	298	0x2f,0x44,0x42,0xffffffbd,0x64,0x45	pre
73	788677	222	2/29/0x423de8	2/30/0x423de8	2/36/0x423de8	303	303	303	303	0x2f,0x44,0x42,0xffffffbd,0x64,0x45	pre
74	799085	222	2/29/0x423de8	2/30/0x423de8	2/36/0x423de8	302	303	303	303	0x2f,0x44,0x42,0xffffffbd,0x64,0x45	pre
75	809428	222	0/0/0x2c6074	2/30/0x423de8	2/36/0x423de8	298	297	297	297	0x2f,0x44,0x42,0xffffffbd,0x45,0x64	pre
76	819690	222	2/29/0x423de8	2/30/0x423de8	2/36/0x423de8	303	304	304	304	0x2f,0x44,0x42,0xffffffbd,0x64,0x45	pre
77	830114	222	0/0/0x186c04	2/30/0x423de8	2/36/0x423de8	299	298	298	298	0x2f,0x44,0x42,0xffffffbd,0x45,0x64	pre
78	840359	222	2/29/0x423de8	2/30/0x423de8	2/36/0x423de8	301	302	302	302	0x2f,0x44,0x42,0xffffffbd,0x64,0x45	pre
79	850702	222	2/29/0x423de8	2/30/0x423de8	2/36/0x423de8	302	301	301	301	0x2f,0x44,0x42,0xffffffbd,0x45,0x64	pre
80	861067	222	2/29/0x423de8	2/30/0x423de8	2/36/0x423de8	301	302	302	302	0x2f,0x44,0x42,0xffffffbd,0x64,0x45	pre
81	871407	222	0/0/0x2c6074	2/30/0x423de8	2/36/0x423de8	301	300	300	300	0x2f,0x44,0x42,0xffffffbd,0x45,0x64	pre
82	881746	222	2/29/0x423de8	2/30/0x423de8	2/36/0x423de8	302	302	302	302	0x2f,0x44,0x42,0xffffffbd,0x64,0x45	pre
83	892120	222	2/29/0x423de8	2/30/0x423de8	2/36/0x423de8	303	304	304	304	0x2f,0x44,0x42,0xffffffbd,0x64,0x45	pre
84	902510	222	0/0/0x39b72c	2/30/0x423de8	2/36/0x423de8	299	299	299	299	0x2f,0x44,0x42,0xffffffbd,0x45,0x64	pre
85	912768	222	0/0/0x186c04	2/30/0x423de8	2/36/0x423de8	301	300	300	300	0x2f,0x44,0x42,0xffffffbd,0x45,0x64	pre
86	923128	222	2/29/0x423de8	2/30/0x423de8	2/36/0x423de8	302	303	303	303	0x2f,0x44,0x42,0xffffffbd,0x64,0x45	pre
87	933498	222	0/0/0x2c6074	2/30/0x423de8	2/36/0x423de8	299	299	299	299	0x2f,0x44,0x42,0xffffffbd,0x45,0x64	pre
88	943781	222	0/0/0x186c04	2/30/0x423de8	2/36/0x423de8	301	300	300	300	0x2f,0x44,0x42,0xffffffbd,0x45,0x64	pre
89	954103	222	2/29/0x423de8	2/30/0x423de8	2/36/0x423de8	301	301	301	301	0x2f,0x44,0x42,0xffffffbd,0x64,0x45	pre
90	964440	222	2/29/0x423de8	2/30/0x423de8	2/36/0x423de8	301	301	301	301	0x2f,0x44,0x42,0xffffffbd,0x64,0x45	pre
91	974783	222	2/29/0x423de8	2/30/0x423de8	2/36/0x423de8	302	302	302	302	0x2f,0x44,0x42,0xffffffbd,0x64,0x45	pre
92	985158	222	2/29/0x423de8	2/30/0x423de8	2/36/0x423de8	302	302	302	302	0x2f,0x44,0x42,0xffffffbd,0x64,0x45	pre
93	995527	222	2/29/0x423de8	2/30/0x423de8	2/36/0x423de8	300	301	301	301	0x2f,0x44,0x42,0xffffffbd,0x64,0x45	pre
94	1005858	222	2/29/0x423de8	2/30/0x423de8	2/36/0x423de8	303	302	302	302	0x2f,0x44,0x42,0xffffffbd,0x64,0x45	pre
95	1016242	222	2/29/0x423de8	2/30/0x423de8	2/36/0x423de8	300	300	300	300	0x2f,0x44,0x42,0xffffffbd,0x64,0x45	pre
96	1026551	222	2/29/0x423de8	2/30/0x423de8	2/36/0x423de8	302	303	303	303	0x2f,0x44,0x42,0xffffffbd,0x64,0x45	pre
97	1036943	222	0/0/0x186c04	2/30/0x423de8	2/36/0x423de8	301	300	300	300	0x2f,0x44,0x42,0xffffffbd,0x45,0x64	pre
98	1047263	222	2/29/0x423de8	2/30/0x423de8	2/36/0x423de8	302	302	302	302	0x2f,0x44,0x42,0xffffffbd,0x64,0x45	pre
99	1057632	222	2/29/0x423de8	2/30/0x423de8	2/36/0x423de8	302	302	302	302	0x2f,0x44,0x42,0xffffffbd,0x64,0x45	pre
100	1068007	222	2/29/0x423de8	2/30/0x423de8	2/36/0x423de8	302	302	302	302	0x2f,0x44,0x42,0xffffffbd,0x64,0x45	pre
101	1078377	222	2/29/0x423de8	2/30/0x423de8	2/36/0x423de8	298	299	299	299	0x2f,0x44,0x42,0xffffffbd,0x64,0x45	pre
102	1088586	222	0/0/0x2c6074	2/30/0x423de8	2/36/0x423de8	302	301	301	301	0x2f,0x44,0x42,0xffffffbd,0x45,0x64	pre
103	1098985	222	2/29/0x423de8	2/30/0x423de8	2/36/0x423de8	302	303	303	303	0x2f,0x44,0x42,0xffffffbd,0x64,0x45	pre
104	1109337	222	0/0/0x2c6074	2/30/0x423de8	2/36/0x423de8	300	300	300	300	0x2f,0x44,0x42,0xffffffbd,0x45,0x64	pre
105	1119638	222	0/0/0x186c04	2/30/0x423de8	2/36/0x423de8	301	301	301	301	0x2f,0x44,0x42,0xffffffbd,0x45,0x64	pre
106	1129980	222	0/0/0x39b72c	2/30/0x423de8	2/36/0x423de8	299	298	298	298	0x2f,0x44,0x42,0xffffffbd,0x45,0x64	pre
107	1140276	222	2/29/0x423de8	2/30/0x423de8	2/36/0x423de8	300	300	300	300	0x2f,0x44,0x42,0xffffffbd,0x64,0x45	pre
108	1150577	222	2/29/0x423de8	2/30/0x423de8	2/36/0x423de8	302	303	303	303	0x2f,0x44,0x42,0xffffffbd,0x64,0x45	pre
109	1160966	222	0/0/0x39f114	2/30/0x423de8	2/36/0x423de8	300	300	300	300	0x2f,0x44,0x42,0xffffffbd,0x45,0x64	pre
110	1171265	222	0/0/0x39b72c	2/30/0x423de8	2/36/0x423de8	302	301	301	301	0x2f,0x44,0x42,0xffffffbd,0x64,0x45	pre
111	1181613	222	1/0/0x423dc8	2/30/0x423de8	2/36/0x423de8	303	303	303	303	0x2f,0x44,0x42,0xffffffbd,0x64,0x45	pre
112	1192021	222	2/29/0x423de8	2/30/0x423de8	2/36/0x423de8	299	299	299	299	0x2f,0x44,0x42,0xffffffbd,0x64,0x45	pre
113	1202287	222	0/0/0x186c04	2/30/0x423de8	2/36/0x423de8	303	303	303	303	0x2f,0x44,0x42,0xffffffbd,0x64,0x45	pre
114	1212693	222	2/29/0x423de8	2/30/0x423de8	2/36/0x423de8	299	300	300	300	0x2f,0x44,0x42,0xffffffbd,0x64,0x45	pre
115	1222996	222	2/29/0x423de8	2/30/0x423de8	2/36/0x423de8	302	302	302	302	0x2f,0x44,0x42,0xffffffbd,0x64,0x45	pre
116	1233351	222	0/0/0x2c6074	2/30/0x423de8	2/36/0x423de8	297	296	296	296	0x2f,0x44,0x42,0xffffffbd,0x45,0x64	pre
117	1243541	222	2/29/0x423de8	2/30/0x423de8	2/36/0x423de8	304	304	304	304	0x2f,0x44,0x42,0xffffffbd,0x64,0x45	pre
118	1253990	222	2/29/0x423de8	2/30/0x423de8	2/36/0x423de8	303	303	303	303	0x2f,0x44,0x42,0xffffffbd,0x64,0x45	pre
119	1264394	222	2/29/0x423de8	2/30/0x423de8	2/36/0x423de8	299	299	299	299	0x2f,0x44,0x42,0xffffffbd,0x64,0x45	pre
120	1274672	222	2/29/0x423de8	2/30/0x423de8	2/36/0x423de8	304	304	304	304	0x2f,0x44,0x42,0xffffffbd,0x64,0x45	pre
121	1285114	222	2/29/0x423de8	2/30/0x423de8	2/36/0x423de8	302	302	302	302	0x2f,0x44,0x42,0xffffffbd,0x64,0x45	pre
122	1295492	222	2/29/0x423de8	2/30/0x423de8	2/36/0x423de8	301	301	301	301	0x2f,0x44,0x42,0xffffffbd,0x64,0x45	pre
123	1305831	222	2/29/0x423de8	2/30/0x423de8	2/36/0x423de8	302	303	303	303	0x2f,0x44,0x42,0xffffffbd,0x64,0x45	pre
124	1316215	222	0/0/0x2c6074	2/30/0x423de8	2/36/0x423de8	302	301	301	301	0x2f,0x44,0x42,0xffffffbd,0x45,0x64	pre
125	1326579	222	0/0/0x376b64	2/30/0x423de8	2/36/0x423de8	303	304	304	304	0x2f,0x44,0x42,0xffffffbd,0x64,0x45	pre
126	1337006	222	1/0/0x423dc8	2/30/0x423de8	2/36/0x423de8	299	298	298	298	0x2f,0x44,0x42,0xffffffbd,0x45,0x64	pre
127	1347250	222	2/29/0x423de8	2/30/0x423de8	2/36/0x423de8	303	303	303	303	0x2f,0x44,0x42,0xffffffbd,0x64,0x45	pre
128	1357656	222	2/29/0x423de8	2/30/0x423de8	2/36/0x423de8	301	302	302	302	0x2f,0x44,0x42,0xffffffbd,0x64,0x45	pre
129	1368009	222	2/29/0x423de8	2/30/0x423de8	2/36/0x423de8	300	300	300	300	0x2f,0x44,0x42,0xffffffbd,0x45,0x64	pre
130	1378318	222	0/0/0x39b72c	2/30/0x423de8	2/36/0x423de8	298	297	297	297	0x2f,0x44,0x42,0xffffffbd,0x45,0x64	pre
131	1388525	222	0/0/0x398068	2/30/0x423de8	2/36/0x423de8	303	304	304	304	0x2f,0x44,0x42,0xffffffbd,0x64,0x45	pre
132	1398942	222	2/29/0x423de8	2/30/0x423de8	2/36/0x423de8	299	298	298	298	0x2f,0x44,0x42,0xffffffbd,0x45,0x64	pre
133	1409204	222	2/29/0x423de8	2/30/0x423de8	2/36/0x423de8	300	301	301	301	0x2f,0x44,0x42,0xffffffbd,0x45,0x64	pre
134	1419538	222	2/29/0x423de8	2/30/0x423de8	2/36/0x423de8	301	300	300	300	0x2f,0x44,0x42,0xffffffbd,0x64,0x45	pre
135	1429850	222	1/0/0x423dc8	2/30/0x423de8	2/36/0x423de8	301	301	301	301	0x2f,0x44,0x42,0xffffffbd,0x64,0x45	pre
136	1440189	222	0/0/0x2c6074	2/30/0x423de8	2/36/0x423de8	301	302	302	302	0x2f,0x44,0x42,0xffffffbd,0x64,0x45	pre
137	1450539	222	2/29/0x423de8	2/30/0x423de8	2/36/0x423de8	298	297	297	297	0x2f,0x44,0x42,0xffffffbd,0x45,0x64	pre
138	1460771	222	2/29/0x423de8	2/30/0x423de8	2/36/0x423de8	303	304	304	304	0x2f,0x44,0x42,0xffffffbd,0x64,0x45	pre
139	1471155	222	0/0/0x186c04	2/30/0x423de8	2/36/0x423de8	300	299	299	299	0x2f,0x44,0x42,0xffffffbd,0x45,0x64	pre
140	1481475	222	2/29/0x423de8	2/30/0x423de8	2/36/0x423de8	303	303	303	303	0x2f,0x44,0x42,0xffffffbd,0x64,0x45	pre
141	1491878	222	2/29/0x423de8	2/30/0x423de8	2/36/0x423de8	300	300	300	300	0x2f,0x44,0x42,0xffffffbd,0x64,0x45	pre
142	1502185	222	2/29/0x423de8	2/30/0x423de8	2/36/0x423de8	300	301	301	301	0x2f,0x44,0x42,0xffffffbd,0x64,0x45	pre
143	1512499	222	0/0/0x186c04	2/30/0x423de8	2/36/0x423de8	301	301	301	301	0x2f,0x44,0x42,0xffffffbd,0x45,0x64	pre
144	1522835	222	0/0/0x232d34	2/30/0x423de8	2/36/0x423de8	299	299	299	299	0x2f,0x44,0x42,0xffffffbd,0x45,0x64	pre
145	1533093	222	0/0/0x2c6074	2/30/0x423de8	2/36/0x423de8	302	302	302	302	0x2f,0x44,0x42,0xffffffbd,0x45,0x64	pre
146	1543477	222	1/0/0x423dc8	2/30/0x423de8	2/36/0x423de8	299	299	299	299	0x2f,0x44,0x42,0xffffffbd,0x64,0x45	pre
147	1553729	222	2/29/0x423de8	2/30/0x423de8	2/36/0x423de8	302	301	301	301	0x2f,0x44,0x42,0xffffffbd,0x45,0x64	pre
148	1564102	222	2/29/0x423de8	2/30/0x423de8	2/36/0x423de8	301	302	302	302	0x2f,0x44,0x42,0xffffffbd,0x64,0x45	pre
149	1574461	222	1/0/0x423dc8	2/30/0x423de8	2/36/0x423de8	300	299	299	299	0x2f,0x44,0x42,0xffffffbd,0x64,0x45	pre
150	1584742	222	2/29/0x423de8	2/30/0x423de8	2/36/0x423de8	299	300	300	300	0x2f,0x44,0x42,0xffffffbd,0x64,0x45	pre
151	1595036	222	1/0/0x423dc8	2/30/0x423de8	2/36/0x423de8	300	299	299	299	0x2f,0x44,0x42,0xffffffbd,0x64,0x45	pre
152	1605320	222	2/29/0x423de8	2/30/0x423de8	2/36/0x423de8	301	301	301	301	0x2f,0x44,0x42,0xffffffbd,0x64,0x45	pre
153	1615652	222	2/29/0x423de8	2/30/0x423de8	2/36/0x423de8	302	302	302	302	0x2f,0x44,0x42,0xffffffbd,0x64,0x45	pre
154	1626026	222	2/29/0x423de8	2/30/0x423de8	2/36/0x423de8	302	302	302	302	0x2f,0x44,0x42,0xffffffbd,0x64,0x45	pre
155	1636402	222	2/29/0x423de8	2/30/0x423de8	2/36/0x423de8	301	301	301	301	0x2f,0x44,0x42,0xffffffbd,0x64,0x45	pre
156	1646733	222	2/29/0x423de8	2/30/0x423de8	2/36/0x423de8	301	301	301	301	0x2f,0x44,0x42,0xffffffbd,0x64,0x45	pre
157	1657076	222	2/29/0x423de8	2/30/0x423de8	2/36/0x423de8	302	303	303	303	0x2f,0x44,0x42,0xffffffbd,0x64,0x45	pre
158	1667459	222	1/0/0x423de8	2/30/0x423de8	2/36/0x423de8	301	301	301	301	0x2f,0x44,0x42,0xffffffbd,0x64,0x45	pre
159	1677813	222	0/0/0x3171bc	2/30/0x423de8	2/36/0x423de8	300	299	299	299	0x2f,0x44,0x42,0xffffffbd,0x45,0x64	pre
160	1688100	222	2/29/0x423de8	2/30/0x423de8	2/36/0x423de8	301	302	302	302	0x2f,0x44,0x42,0xffffffbd,0x64,0x45	pre
161	1698472	222	0/0/0x186c04	2/30/0x423de8	2/36/0x423de8	299	299	299	299	0x2f,0x44,0x42,0xffffffbd,0x45,0x64	pre
162	1708721	222	0/0/0x2c6074	2/30/0x423de8	2/36/0x423de8	301	301	301	301	0x2f,0x44,0x42,0xffffffbd,0x45,0x64	pre
163	1719080	222	0/0/0x39b72c	2/30/0x423de8	2/36/0x423de8	300	299	299	299	0x2f,0x44,0x42,0xffffffbd,0x45,0x64	pre
164	1729369	222	2/29/0x423de8	2/30/0x423de8	2/36/0x423de8	301	301	301	301	0x2f,0x44,0x42,0xffffffbd,0x64,0x45	pre
165	1739708	222	2/29/0x423de8	2/30/0x423de8	2/36/0x423de8	303	303	303	303	0x2f,0x44,0x42,0xffffffbd,0x64,0x45	pre
166	1750120	222	2/29/0x423de8	2/30/0x423de8	2/36/0x423de8	303	303	303	303	0x2f,0x44,0x42,0xffffffbd,0x64,0x45	pre
167	1760532	222	2/29/0x423de8	2/30/0x423de8	2/36/0x423de8	303	303	303	303	0x2f,0x44,0x42,0xffffffbd,0x64,0x45	pre
168	1770941	222	2/29/0x423de8	2/30/0x423de8	2/36/0x423de8	300	301	301	301	0x2f,0x44,0x42,0xffffffbd,0x64,0x45	pre
169	1781226	222	0/0/0x39b72c	2/30/0x423de8	2/36/0x423de8	300	300	300	300	0x2f,0x44,0x42,0xffffffbd,0x45,0x64	pre
170	1791536	222	0/0/0x38f364	2/30/0x423de8	2/36/0x423de8	303	302	302	302	0x2f,0x44,0x42,0xffffffbd,0x45,0x64	pre
171	1801960	222	2/29/0x423de8	2/30/0x423de8	2/36/0x423de8	300	300	300	300	0x2f,0x44,0x42,0xffffffbd,0x64,0x45	pre
172	1812266	222	2/29/0x423de8	2/30/0x423de8	2/36/0x423de8	303	303	303	303	0x2f,0x44,0x42,0xffffffbd,0x64,0x45	pre
173	1822676	222	2/29/0x423de8	2/30/0x423de8	2/36/0x423de8	302	303	303	303	0x2f,0x44,0x42,0xffffffbd,0x64,0x45	pre
174	1833075	222	0/0/0x186c04	2/30/0x423de8	2/36/0x423de8	301	300	300	300	0x2f,0x44,0x42,0xffffffbd,0x45,0x64	pre
175	1843393	222	2/29/0x423de8	2/30/0x423de8	2/36/0x423de8	302	303	303	303	0x2f,0x44,0x42,0xffffffbd,0x64,0x45	pre
176	1853798	222	0/0/0x38f364	2/30/0x423de8	2/36/0x423de8	300	299	299	299	0x2f,0x44,0x42,0xffffffbd,0x45,0x64	pre
177	1864084	222	2/29/0x423de8	2/30/0x423de8	2/36/0x423de8	299	299	299	299	0x2f,0x44,0x42,0xffffffbd,0x64,0x45	pre
178	1874349	222	2/29/0x423de8	2/30/0x423de8	2/36/0x423de8	301	301	301	301	0x2f,0x44,0x42,0xffffffbd,0x64,0x45	pre
179	1884696	222	2/29/0x423de8	2/30/0x423de8	2/36/0x423de8	301	302	302	302	0x2f,0x44,0x42,0xffffffbd,0x64,0x45	pre
180	1895064	222	1/0/0x423dc8	2/30/0x423de8	2/36/0x423de8	301	300	300	300	0x2f,0x44,0x42,0xffffffbd,0x64,0x45	pre
181	1905377	222	2/29/0x423de8	2/30/0x423de8	2/36/0x423de8	302	302	302	302	0x2f,0x44,0x42,0xffffffbd,0x64,0x45	pre
182	1915760	222	2/29/0x423de8	2/30/0x423de8	2/36/0x423de8	301	301	301	301	0x2f,0x44,0x42,0xffffffbd,0x64,0x45	pre
183	1926103	222	2/29/0x423de8	2/30/0x423de8	2/36/0x423de8	303	303	303	303	0x2f,0x44,0x42,0xffffffbd,0x64,0x45	pre
184	1936514	222	2/29/0x423de8	2/30/0x423de8	2/36/0x423de8	300	301	301	301	0x2f,0x44,0x42,0xffffffbd,0x64,0x45	pre
185	1946851	222	1/0/0x423dc8	2/30/0x423de8	2/36/0x423de8	301	300	300	300	0x2f,0x44,0x42,0xffffffbd,0x64,0x45	pre
186	1957169	222	2/29/0x423de8	2/30/0x423de8	2/36/0x423de8	302	302	302	302	0x2f,0x44,0x42,0xffffffbd,0x64,0x45	pre
187	1967553	222	2/29/0x423de8	2/30/0x423de8	2/36/0x423de8	298	299	299	299	0x2f,0x44,0x42,0xffffffbd,0x64,0x45	pre
188	1977809	222	1/0/0x423dc8	2/30/0x423de8	2/36/0x423de8	304	303	303	303	0x2f,0x44,0x42,0xffffffbd,0x64,0x45	pre
189	1988225	222	2/29/0x423de8	2/30/0x423de8	2/36/0x423de8	300	300	300	300	0x2f,0x44,0x42,0xffffffbd,0x64,0x45	pre
190	1998536	222	2/29/0x423de8	2/30/0x423de8	2/36/0x423de8	299	299	299	299	0x2f,0x44,0x42,0xffffffbd,0x64,0x45	pre
191	2008803	222	2/29/0x423de8	2/30/0x423de8	2/36/0x423de8	300	301	301	301	0x2f,0x44,0x42,0xffffffbd,0x64,0x45	pre
192	2019132	222	0/0/0x38f354	2/30/0x423de8	2/36/0x423de8	301	301	301	301	0x2f,0x44,0x42,0xffffffbd,0x64,0x45	pre
193	2029473	222	1/0/0x423dc8	2/30/0x423de8	2/36/0x423de8	302	301	301	301	0x2f,0x44,0x42,0xffffffbd,0x64,0x45	pre
194	2039822	222	2/29/0x423de8	2/30/0x423de8	2/36/0x423de8	299	299	299	299	0x2f,0x44,0x42,0xffffffbd,0x64,0x45	pre
195	2050089	222	2/29/0x423de8	2/30/0x423de8	2/36/0x423de8	303	303	303	303	0x2f,0x44,0x42,0xffffffbd,0x64,0x45	pre
196	2060500	222	2/29/0x423de8	2/30/0x423de8	2/36/0x423de8	301	301	301	301	0x2f,0x44,0x42,0xffffffbd,0x64,0x45	pre
197	2070837	222	2/29/0x423de8	2/30/0x423de8	2/36/0x423de8	300	301	301	301	0x2f,0x44,0x42,0xffffffbd,0x64,0x45	pre
198	2081168	222	1/0/0x423dc8	2/30/0x423de8	2/36/0x423de8	302	302	302	302	0x2f,0x44,0x42,0xffffffbd,0x64,0x45	pre
199	2091530	222	0/0/0x186c04	2/30/0x423de8	2/36/0x423de8	299	298	298	298	0x2f,0x44,0x42,0xffffffbd,0x45,0x64	pre
200	2101777	222	2/29/0x423de8	2/30/0x423de8	2/36/0x423de8	302	302	302	302	0x2f,0x44,0x42,0xffffffbd,0x64,0x45	pre
201	2112156	222	2/29/0x423de8	2/30/0x423de8	2/36/0x423de8	301	302	302	302	0x2f,0x44,0x42,0xffffffbd,0x64,0x45	pre
202	2122469	222	0/0/0x2c6074	2/30/0x423de8	2/36/0x423de8	302	301	301	301	0x2f,0x44,0x42,0xffffffbd,0x45,0x64	pre
203	2132866	222	2/29/0x423de8	2/30/0x423de8	2/36/0x423de8	298	298	298	298	0x2f,0x44,0x42,0xffffffbd,0x64,0x45	pre
204	2143104	222	2/29/0x423de8	2/30/0x423de8	2/36/0x423de8	302	302	302	302	0x2f,0x44,0x42,0xffffffbd,0x64,0x45	pre
205	2153477	222	2/29/0x423de8	2/30/0x423de8	2/36/0x423de8	301	301	301	301	0x2f,0x44,0x42,0xffffffbd,0x64,0x45	pre
206	2163812	222	2/29/0x423de8	2/30/0x423de8	2/36/0x423de8	300	301	301	301	0x2f,0x44,0x42,0xffffffbd,0x64,0x45	pre
207	2174096	222	0/0/0x186c04	2/30/0x423de8	2/36/0x423de8	301	300	300	300	0x2f,0x44,0x42,0xffffffbd,0x45,0x64	pre
208	2184443	222	2/29/0x423de8	2/30/0x423de8	2/36/0x423de8	301	301	301	301	0x2f,0x44,0x42,0xffffffbd,0x64,0x45	pre
209	2194786	222	2/29/0x423de8	2/30/0x423de8	2/36/0x423de8	301	302	302	302	0x2f,0x44,0x42,0xffffffbd,0x64,0x45	pre
210	2205152	222	1/0/0x423dc8	2/30/0x423de8	2/36/0x423de8	300	299	299	299	0x2f,0x44,0x42,0xffffffbd,0x64,0x45	pre
211	2215429	222	2/29/0x423de8	2/30/0x423de8	2/36/0x423de8	301	301	301	301	0x2f,0x44,0x42,0xffffffbd,0x64,0x45	pre
212	2225768	222	2/29/0x423de8	2/30/0x423de8	2/36/0x423de8	304	304	304	304	0x2f,0x44,0x42,0xffffffbd,0x64,0x45	pre
213	2236209	222	2/29/0x423de8	2/30/0x423de8	2/36/0x423de8	302	303	303	303	0x2f,0x44,0x42,0xffffffbd,0x64,0x45	pre
214	2246583	222	1/0/0x423de8	2/30/0x423de8	2/36/0x423de8	301	300	300	300	0x2f,0x44,0x42,0xffffffbd,0x45,0x64	pre
215	2256922	222	2/29/0x423de8	2/30/0x423de8	2/36/0x423de8	301	301	301	301	0x2f,0x44,0x42,0xffffffbd,0x64,0x45	pre
216	2267256	222	2/29/0x423de8	2/30/0x423de8	2/36/0x423de8	302	302	302	302	0x2f,0x44,0x42,0xffffffbd,0x64,0x45	pre
217	2277632	222	2/29/0x423de8	2/30/0x423de8	2/36/0x423de8	300	300	300	300	0x2f,0x44,0x42,0xffffffbd,0x64,0x45	pre
218	2287941	222	2/29/0x423de8	2/30/0x423de8	2/36/0x423de8	300	300	300	300	0x2f,0x44,0x42,0xffffffbd,0x64,0x45	pre
219	2298245	222	2/29/0x423de8	2/30/0x423de8	2/36/0x423de8	303	303	303	303	0x2f,0x44,0x42,0xffffffbd,0x64,0x45	pre
220	2308657	222	2/29/0x423de8	2/30/0x423de8	2/36/0x423de8	303	303	303	303	0x2f,0x44,0x42,0xffffffbd,0x64,0x45	pre
221	2319057	222	2/29/0x423de8	2/30/0x423de8	2/36/0x423de8	301	301	301	301	0x2f,0x44,0x42,0xffffffbd,0x64,0x45	pre
222	2329404	222	2/29/0x423de8	2/30/0x423de8	2/36/0x423de8	301	302	302	302	0x2f,0x44,0x42,0xffffffbd,0x64,0x45	pre
223	2339772	222	1/0/0x423dc8	2/30/0x423de8	2/36/0x423de8	301	300	300	300	0x2f,0x44,0x42,0xffffffbd,0x64,0x45	pre
224	2350087	222	2/29/0x423de8	2/30/0x423de8	2/36/0x423de8	303	304	304	304	0x2f,0x44,0x42,0xffffffbd,0x64,0x45	pre
225	2360514	222	1/0/0x423dc8	2/30/0x423de8	2/36/0x423de8	299	299	299	299	0x2f,0x44,0x42,0xffffffbd,0x64,0x45	pre
226	2370781	222	0/0/0x39e72c	2/30/0x423de8	2/36/0x423de8	300	300	300	300	0x2f,0x44,0x42,0xffffffbd,0x45,0x64	pre
227	2381073	222	0/0/0x2c6074	2/30/0x423de8	2/36/0x423de8	302	301	301	301	0x2f,0x44,0x42,0xffffffbd,0x45,0x64	pre
228	2391446	222	2/29/0x423de8	2/30/0x423de8	2/36/0x423de8	301	301	301	301	0x2f,0x44,0x42,0xffffffbd,0x64,0x45	pre
229	2401783	222	2/29/0x423de8	2/30/0x423de8	2/36/0x423de8	300	300	300	300	0x2f,0x44,0x42,0xffffffbd,0x64,0x45	pre
230	2412086	222	2/29/0x423de8	2/30/0x423de8	2/36/0x423de8	301	301	301	301	0x2f,0x44,0x42,0xffffffbd,0x64,0x45	pre
231	2422427	222	2/29/0x423de8	2/30/0x423de8	2/36/0x423de8	302	302	302	302	0x2f,0x44,0x42,0xffffffbd,0x64,0x45	pre
232	2432795	222	2/29/0x423de8	2/30/0x423de8	2/36/0x423de8	302	302	302	302	0x2f,0x44,0x42,0xffffffbd,0x64,0x45	pre
233	2443172	222	2/29/0x423de8	2/30/0x423de8	2/36/0x423de8	301	301	301	301	0x2f,0x44,0x42,0xffffffbd,0x64,0x45	pre
234	2452985	222	2/29/0x423de8	2/30/0x423de8	2/36/0x423de8	299	299	299	299	0x2f,0x44,0x42,0xffffffbd,0x64,0x45	pre
235	2462838	218	2/29/0x423de8	2/30/0x423de8	2/36/0x423de8	303	303	303	303	0x2f,0x44,0x42,0xffffffbd,0x64,0x45	pre
236	2472907	211	2/29/0x423de8	2/30/0x423de8	2/36/0x423de8	302	302	302	302	0x2f,0x44,0x42,0xffffffbd,0x64,0x45	pre
237	2482347	211	2/29/0x423de8	2/30/0x423de8	2/36/0x423de8	300	300	300	300	0x2f,0x44,0x42,0xffffffbd,0x64,0x45	pre
238	2488686	189	2/29/0x423de8	2/30/0x423de8	2/36/0x423de8	280	302	281	302	0x44,0x42,0xffffffbd,0x64,0x45	pre
239	2494728	189	5/0/0x0	2/30/0x423de8	2/36/0x423de8	0	306	0	306	0x44,0x42,0xffffffbd,0x45,0x64	pre
240	2496290	13	5/0/0x0	2/30/0x423de8	2/36/0x423de8	0	296	0	296	0xffffffbd,0x44	pre
241	2497789	13	5/0/0x0	2/30/0x423de8	2/36/0x423de8	0	303	0	303	0x44,0xffffffbd	pre
242	2499317	13	5/0/0x0	2/30/0x423de8	2/36/0x423de8	0	304	0	304	0x44,0xffffffbd	pre
243	2500858	13	5/0/0x0	2/30/0x423de8	2/36/0x423de8	0	302	0	302	0x44,0xffffffbd	pre
244	2502387	13	5/0/0x0	2/30/0x423de8	2/36/0x423de8	0	299	0	299	0x44,0xffffffbd	pre
245	2503900	13	5/0/0x0	2/30/0x423de8	2/36/0x423de8	0	305	0	305	0x44,0xffffffbd	pre
246	2505439	13	5/0/0x0	2/30/0x423de8	2/36/0x423de8	0	301	0	301	0x44,0xffffffbd	pre
247	2506970	13	5/0/0x0	2/30/0x423de8	2/36/0x423de8	0	302	0	302	0x44,0xffffffbd	pre
248	2508501	13	5/0/0x0	2/30/0x423de8	2/36/0x423de8	0	299	0	299	0x44,0xffffffbd	pre
249	2510018	13	5/0/0x0	2/30/0x423de8	2/36/0x423de8	0	302	0	302	0x44,0xffffffbd	pre
250	2511545	13	5/0/0x0	2/30/0x423de8	2/36/0x423de8	0	304	0	304	0x44,0xffffffbd	pre
251	2513080	13	5/0/0x0	2/30/0x423de8	2/36/0x423de8	0	303	0	303	0x44,0xffffffbd	pre
252	2514618	13	5/0/0x0	2/30/0x423de8	2/36/0x423de8	0	306	0	306	0x44,0xffffffbd	pre
253	2516164	13	5/0/0x0	2/30/0x423de8	2/36/0x423de8	0	304	0	304	0x44,0xffffffbd	pre
254	2517700	13	5/0/0x0	2/30/0x423de8	2/36/0x423de8	0	306	0	306	0x44,0xffffffbd	pre
255	2519252	13	5/0/0x0	2/30/0x423de8	2/36/0x423de8	0	300	0	301	0x44,0xffffffbd	pre
256	2520773	13	5/0/0x0	2/30/0x423de8	2/36/0x423de8	0	301	0	300	0x44,0xffffffbd	pre
257	2522298	13	5/0/0x0	2/30/0x423de8	2/36/0x423de8	0	299	0	299	0x44,0xffffffbd	pre
258	2523815	13	5/0/0x0	2/30/0x423de8	2/36/0x423de8	0	303	0	303	0x44,0xffffffbd	pre
259	2525345	13	5/0/0x0	2/30/0x423de8	2/36/0x423de8	0	303	0	303	0x44,0xffffffbd	pre
260	2526879	13	5/0/0x0	2/30/0x423de8	2/36/0x423de8	0	302	0	302	0x44,0xffffffbd	pre
261	2528408	13	5/0/0x0	2/30/0x423de8	2/36/0x423de8	0	304	0	304	0x44,0xffffffbd	pre
262	2529944	13	5/0/0x0	2/30/0x423de8	2/36/0x423de8	0	298	0	298	0x44,0xffffffbd	pre
263	2531455	13	5/0/0x0	2/30/0x423de8	2/36/0x423de8	0	302	0	302	0x44,0xffffffbd	pre
264	2532978	13	5/0/0x0	2/30/0x423de8	2/36/0x423de8	0	307	0	307	0x44,0xffffffbd	pre
265	2534529	13	5/0/0x0	2/30/0x423de8	2/36/0x423de8	0	302	0	302	0x44,0xffffffbd	pre
266	2536054	13	5/0/0x0	2/30/0x423de8	2/36/0x423de8	0	303	0	303	0x44,0xffffffbd	pre
267	2537593	13	5/0/0x0	2/30/0x423de8	2/36/0x423de8	0	305	0	305	0x44,0xffffffbd	pre
268	2539132	13	5/0/0x0	2/30/0x423de8	2/36/0x423de8	0	300	0	300	0x44,0xffffffbd	pre
269	2540655	13	5/0/0x0	2/30/0x423de8	2/36/0x423de8	0	302	0	302	0x44,0xffffffbd	pre
270	2542190	13	5/0/0x0	2/30/0x423de8	2/36/0x423de8	0	306	0	307	0x44,0xffffffbd	pre
271	2543737	13	5/0/0x0	2/30/0x423de8	2/36/0x423de8	0	295	0	294	0x44,0xffffffbd	pre
272	2545229	13	5/0/0x0	2/30/0x423de8	2/36/0x423de8	0	306	0	306	0x44,0xffffffbd	pre
273	2546777	13	5/0/0x0	2/30/0x423de8	2/36/0x423de8	0	304	0	304	0x44,0xffffffbd	pre
274	2548312	13	5/0/0x0	2/30/0x423de8	2/36/0x423de8	0	301	0	301	0x44,0xffffffbd	pre
275	2549836	13	5/0/0x0	2/30/0x423de8	2/36/0x423de8	0	302	0	302	0x44,0xffffffbd	pre
276	2551369	13	5/0/0x0	2/30/0x423de8	2/36/0x423de8	0	298	0	298	0x44,0xffffffbd	pre
277	2552874	13	5/0/0x0	2/30/0x423de8	2/36/0x423de8	0	306	0	306	0x44,0xffffffbd	pre
278	2554422	13	5/0/0x0	2/30/0x423de8	2/36/0x423de8	0	306	0	306	0x44,0xffffffbd	pre
279	2555973	13	5/0/0x0	2/30/0x423de8	2/36/0x423de8	0	295	0	295	0x44,0xffffffbd	pre
280	2557461	13	5/0/0x0	2/30/0x423de8	2/36/0x423de8	0	306	0	306	0x44,0xffffffbd	pre
281	2559012	13	5/0/0x0	2/30/0x423de8	2/36/0x423de8	0	301	0	301	0x44,0xffffffbd	pre
282	2560533	13	5/0/0x0	2/30/0x423de8	2/36/0x423de8	0	305	0	305	0x44,0xffffffbd	pre
283	2562078	13	5/0/0x0	2/30/0x423de8	2/36/0x423de8	0	303	0	303	0x44,0xffffffbd	pre
284	2563609	13	5/0/0x0	2/30/0x423de8	2/36/0x423de8	0	303	0	303	0x44,0xffffffbd	pre
285	2565140	13	5/0/0x0	2/30/0x423de8	2/36/0x423de8	0	302	0	302	0x44,0xffffffbd	pre
286	2566673	13	5/0/0x0	2/30/0x423de8	2/36/0x423de8	0	299	0	299	0x44,0xffffffbd	pre
287	2568181	13	5/0/0x0	2/30/0x423de8	2/36/0x423de8	0	303	0	303	0x44,0xffffffbd	pre
288	2569713	13	5/0/0x0	2/30/0x423de8	2/36/0x423de8	0	300	0	300	0x44,0xffffffbd	pre
289	2571235	13	5/0/0x0	2/30/0x423de8	2/36/0x423de8	0	303	0	303	0x44,0xffffffbd	pre
290	2572767	13	5/0/0x0	2/30/0x423de8	2/36/0x423de8	0	303	0	303	0x44,0xffffffbd	pre
291	2574299	13	5/0/0x0	2/30/0x423de8	2/36/0x423de8	0	299	0	299	0x44,0xffffffbd	pre
292	2575810	13	5/0/0x0	2/30/0x423de8	2/36/0x423de8	0	305	0	305	0x44,0xffffffbd	pre
293	2577358	13	5/0/0x0	2/30/0x423de8	2/36/0x423de8	0	305	0	305	0x44,0xffffffbd	pre
294	2578901	13	5/0/0x0	2/30/0x423de8	2/36/0x423de8	0	304	0	304	0x44,0xffffffbd	pre
295	2580433	13	5/0/0x0	2/30/0x423de8	2/36/0x423de8	0	301	0	301	0x44,0xffffffbd	pre
296	2581956	13	5/0/0x0	2/30/0x423de8	2/36/0x423de8	0	301	0	301	0x44,0xffffffbd	pre
297	2583484	13	5/0/0x0	2/30/0x423de8	2/36/0x423de8	0	302	0	302	0x44,0xffffffbd	pre
298	2585019	13	5/0/0x0	2/30/0x423de8	2/36/0x423de8	0	302	0	302	0x44,0xffffffbd	pre
299	2586548	13	5/0/0x0	2/30/0x423de8	2/36/0x423de8	0	295	0	295	0x44,0xffffffbd	pre
300	2588037	13	5/0/0x0	2/30/0x423de8	2/36/0x423de8	0	306	0	306	0x44,0xffffffbd	pre
301	2589585	13	5/0/0x0	2/30/0x423de8	2/36/0x423de8	0	304	0	304	0x44,0xffffffbd	pre
302	2591119	13	5/0/0x0	2/30/0x423de8	2/36/0x423de8	0	303	0	303	0x44,0xffffffbd	pre
303	2592655	13	5/0/0x0	2/30/0x423de8	2/36/0x423de8	0	299	0	299	0x44,0xffffffbd	pre
304	2594170	13	5/0/0x0	2/30/0x423de8	2/36/0x423de8	0	302	0	302	0x44,0xffffffbd	pre
305	2595697	13	5/0/0x0	2/30/0x423de8	2/36/0x423de8	0	301	0	302	0x44,0xffffffbd	pre
306	2597217	13	5/0/0x0	2/30/0x423de8	2/36/0x423de8	0	300	0	299	0x44,0xffffffbd	pre
307	2598737	13	5/0/0x0	2/30/0x423de8	2/36/0x423de8	0	300	0	300	0x44,0xffffffbd	pre
308	2600256	13	5/0/0x0	2/30/0x423de8	2/36/0x423de8	0	303	0	303	0x44,0xffffffbd	pre
309	2601786	13	5/0/0x0	2/30/0x423de8	2/36/0x423de8	0	304	0	304	0x44,0xffffffbd	pre
310	2603327	13	5/0/0x0	2/30/0x423de8	2/36/0x423de8	0	304	0	304	0x44,0xffffffbd	pre
311	2604865	13	5/0/0x0	2/30/0x423de8	2/36/0x423de8	0	302	0	302	0x44,0xffffffbd	pre
312	2606392	13	5/0/0x0	2/30/0x423de8	2/36/0x423de8	0	301	0	301	0x44,0xffffffbd	pre
313	2607922	13	5/0/0x0	2/30/0x423de8	2/36/0x423de8	0	301	0	301	0x44,0xffffffbd	pre
314	2609445	13	5/0/0x0	2/30/0x423de8	2/36/0x423de8	0	305	0	305	0x44,0xffffffbd	pre
315	2610983	13	5/0/0x0	2/30/0x423de8	2/36/0x423de8	0	299	0	299	0x44,0xffffffbd	pre
316	2612502	13	5/0/0x0	2/30/0x423de8	2/36/0x423de8	0	304	0	304	0x44,0xffffffbd	pre
317	2614042	13	5/0/0x0	2/30/0x423de8	2/36/0x423de8	0	304	0	304	0x44,0xffffffbd	pre
318	2615574	13	5/0/0x0	2/30/0x423de8	2/36/0x423de8	0	301	0	301	0x44,0xffffffbd	pre
319	2617102	13	5/0/0x0	2/30/0x423de8	2/36/0x423de8	0	298	0	298	0x44,0xffffffbd	pre
320	2618614	13	5/0/0x0	2/30/0x423de8	2/36/0x423de8	0	302	0	302	0x44,0xffffffbd	pre
321	2620144	13	5/0/0x0	2/30/0x423de8	2/36/0x423de8	0	304	0	304	0x44,0xffffffbd	pre
322	2621683	13	5/0/0x0	2/30/0x423de8	2/36/0x423de8	0	305	0	305	0x44,0xffffffbd	pre
323	2623222	13	5/0/0x0	2/30/0x423de8	2/36/0x423de8	0	302	0	302	0x44,0xffffffbd	pre
324	2624754	13	5/0/0x0	2/30/0x423de8	2/36/0x423de8	0	304	0	304	0x44,0xffffffbd	pre
325	2626287	13	5/0/0x0	2/30/0x423de8	2/36/0x423de8	0	302	0	302	0x44,0xffffffbd	pre
326	2627814	13	5/0/0x0	2/30/0x423de8	2/36/0x423de8	0	305	0	305	0x44,0xffffffbd	pre
327	2629361	13	5/0/0x0	2/30/0x423de8	2/36/0x423de8	0	302	0	302	0x44,0xffffffbd	pre
328	2630886	13	5/0/0x0	2/30/0x423de8	2/36/0x423de8	0	304	0	304	0x44,0xffffffbd	pre
329	2632424	13	5/0/0x0	2/30/0x423de8	2/36/0x423de8	0	299	0	299	0x44,0xffffffbd	pre
330	2633937	13	5/0/0x0	2/30/0x423de8	2/36/0x423de8	0	306	0	306	0x44,0xffffffbd	pre
331	2635478	13	5/0/0x0	2/30/0x423de8	2/36/0x423de8	0	302	0	302	0x44,0xffffffbd	pre
332	2637014	13	5/0/0x0	2/30/0x423de8	2/36/0x423de8	0	301	0	301	0x44,0xffffffbd	pre
333	2638535	13	5/0/0x0	2/30/0x423de8	2/36/0x423de8	0	303	0	303	0x44,0xffffffbd	pre
334	2640063	13	5/0/0x0	2/30/0x423de8	2/36/0x423de8	0	301	0	301	0x44,0xffffffbd	pre
335	2641586	13	5/0/0x0	2/30/0x423de8	2/36/0x423de8	0	303	0	303	0x44,0xffffffbd	pre
336	2643125	13	5/0/0x0	2/30/0x423de8	2/36/0x423de8	0	301	0	301	0x44,0xffffffbd	pre
337	2644646	13	5/0/0x0	2/30/0x423de8	2/36/0x423de8	0	301	0	301	0x44,0xffffffbd	pre
338	2646169	13	5/0/0x0	2/30/0x423de8	2/36/0x423de8	0	304	0	304	0x44,0xffffffbd	mix
339	2647752	13	5/0/0x0	2/30/0x423de8	2/36/0x423de8	0	297	0	297	0x44,0xffffffbd	post
340	2649258	13	5/0/0x0	2/30/0x423de8	2/36/0x423de8	0	301	0	301	0x44,0xffffffbd	post
341	2650782	13	5/0/0x0	2/30/0x423de8	2/36/0x423de8	0	305	0	305	0x44,0xffffffbd	post
342	2652325	13	5/0/0x0	2/30/0x423de8	2/36/0x423de8	0	301	0	301	0x44,0xffffffbd	post
343	2653846	13	5/0/0x0	2/30/0x423de8	2/36/0x423de8	0	304	0	304	0x44,0xffffffbd	post
344	2655381	13	5/0/0x0	2/30/0x423de8	2/36/0x423de8	0	307	0	307	0x44,0xffffffbd	post
345	2656933	13	5/0/0x0	2/30/0x423de8	2/36/0x423de8	0	306	0	306	0x44,0xffffffbd	post
346	2658477	13	5/0/0x0	2/30/0x423de8	2/36/0x423de8	0	303	0	303	0x44,0xffffffbd	post
347	2660004	13	5/0/0x0	2/30/0x423de8	2/36/0x423de8	0	304	0	304	0x44,0xffffffbd	post
348	2661545	13	5/0/0x0	2/30/0x423de8	2/36/0x423de8	0	306	0	306	0x44,0xffffffbd	post
349	2663095	13	5/0/0x0	2/30/0x423de8	2/36/0x423de8	0	301	0	301	0x44,0xffffffbd	post
350	2664618	13	5/0/0x0	2/30/0x423de8	2/36/0x423de8	0	302	0	302	0x44,0xffffffbd	post
351	2666144	13	5/0/0x0	2/30/0x423de8	2/36/0x423de8	0	303	0	303	0x44,0xffffffbd	post
352	2667677	13	5/0/0x0	2/30/0x423de8	2/36/0x423de8	0	301	0	301	0x44,0xffffffbd	post
353	2669205	13	5/0/0x0	2/30/0x423de8	2/36/0x423de8	0	306	0	306	0x44,0xffffffbd	post
354	2670748	13	5/0/0x0	2/30/0x423de8	2/36/0x423de8	0	298	0	298	0x44,0xffffffbd	post
355	2672254	13	5/0/0x0	2/30/0x423de8	2/36/0x423de8	0	299	0	299	0xffffffbd,0x44	post
356	2673768	13	5/0/0x0	2/30/0x423de8	2/36/0x423de8	0	303	0	303	0x44,0xffffffbd	post
357	2675299	13	5/0/0x0	2/30/0x423de8	2/36/0x423de8	0	305	0	305	0x44,0xffffffbd	post
358	2676845	13	5/0/0x0	2/30/0x423de8	2/36/0x423de8	0	296	0	296	0x44,0xffffffbd	post
359	2678342	13	5/0/0x0	2/30/0x423de8	2/36/0x423de8	0	304	0	304	0x44,0xffffffbd	post
360	2679883	13	5/0/0x0	2/30/0x423de8	2/36/0x423de8	0	304	0	304	0x44,0xffffffbd	post
361	2681422	13	5/0/0x0	2/30/0x423de8	2/36/0x423de8	0	301	0	301	0x44,0xffffffbd	post
362	2682950	13	5/0/0x0	2/30/0x423de8	2/36/0x423de8	0	299	0	299	0x44,0xffffffbd	post
363	2684460	13	5/0/0x0	2/30/0x423de8	2/36/0x423de8	0	304	0	304	0x44,0xffffffbd	post
364	2686001	13	5/0/0x0	2/30/0x423de8	2/36/0x423de8	0	298	0	298	0x44,0xffffffbd	post
365	2687502	13	5/0/0x0	2/30/0x423de8	2/36/0x423de8	0	301	0	301	0x44,0xffffffbd	post
366	2689029	13	5/0/0x0	2/30/0x423de8	2/36/0x423de8	0	299	0	299	0x44,0xffffffbd	post
367	2690538	13	5/0/0x0	2/30/0x423de8	2/36/0x423de8	0	305	0	305	0x44,0xffffffbd	post
368	2692081	13	5/0/0x0	2/30/0x423de8	2/36/0x423de8	0	304	0	304	0x44,0xffffffbd	post
369	2693626	13	5/0/0x0	2/30/0x423de8	2/36/0x423de8	0	301	0	301	0x44,0xffffffbd	post
370	2695152	13	5/0/0x0	2/30/0x423de8	2/36/0x423de8	0	304	0	305	0x44,0xffffffbd	post
371	2696682	13	5/0/0x0	2/30/0x423de8	2/36/0x423de8	0	301	0	300	0x44,0xffffffbd	post
372	2698204	13	5/0/0x0	2/30/0x423de8	2/36/0x423de8	0	298	0	299	0x44,0xffffffbd	post
373	2699714	13	5/0/0x0	2/30/0x423de8	2/36/0x423de8	0	305	0	304	0x44,0xffffffbd	post
374	2701259	13	5/0/0x0	2/30/0x423de8	2/36/0x423de8	0	300	0	300	0x44,0xffffffbd	post
375	2702778	13	5/0/0x0	2/30/0x423de8	2/36/0x423de8	0	304	0	304	0x44,0xffffffbd	post
376	2704316	13	5/0/0x0	2/30/0x423de8	2/36/0x423de8	0	303	0	303	0x44,0xffffffbd	post
377	2705851	13	5/0/0x0	2/30/0x423de8	2/36/0x423de8	0	300	0	300	0x44,0xffffffbd	post
378	2707365	13	5/0/0x0	2/30/0x423de8	2/36/0x423de8	0	301	0	301	0x44,0xffffffbd	post
379	2708897	13	5/0/0x0	2/30/0x423de8	2/36/0x423de8	0	298	0	298	0x44,0xffffffbd	post
380	2710404	13	5/0/0x0	2/30/0x423de8	2/36/0x423de8	0	303	0	303	0x44,0xffffffbd	post
381	2711940	13	5/0/0x0	2/30/0x423de8	2/36/0x423de8	0	304	0	304	0x44,0xffffffbd	post
382	2713477	13	5/0/0x0	2/30/0x423de8	2/36/0x423de8	0	301	0	301	0x44,0xffffffbd	post
383	2715001	13	5/0/0x0	2/30/0x423de8	2/36/0x423de8	0	303	0	303	0x44,0xffffffbd	post
384	2716536	13	5/0/0x0	2/30/0x423de8	2/36/0x423de8	0	301	0	301	0x44,0xffffffbd	post
385	2718057	13	5/0/0x0	2/30/0x423de8	2/36/0x423de8	0	301	0	301	0x44,0xffffffbd	post
386	2719578	13	5/0/0x0	2/30/0x423de8	2/36/0x423de8	0	300	0	300	0x44,0xffffffbd	post
387	2721097	13	5/0/0x0	2/30/0x423de8	2/36/0x423de8	0	306	0	306	0x44,0xffffffbd	post
388	2722651	13	5/0/0x0	2/30/0x423de8	2/36/0x423de8	0	304	0	304	0x44,0xffffffbd	post
389	2724187	13	5/0/0x0	2/30/0x423de8	2/36/0x423de8	0	307	0	307	0x44,0xffffffbd	post
390	2725741	13	5/0/0x0	2/30/0x423de8	2/36/0x423de8	0	301	0	301	0x44,0xffffffbd	post
391	2727261	13	5/0/0x0	2/30/0x423de8	2/36/0x423de8	0	305	0	305	0x44,0xffffffbd	post
392	2728804	13	5/0/0x0	2/30/0x423de8	2/36/0x423de8	0	307	0	307	0x44,0xffffffbd	post
393	2730358	13	5/0/0x0	2/30/0x423de8	2/36/0x423de8	0	301	0	301	0x44,0xffffffbd	post
394	2731880	13	5/0/0x0	2/30/0x423de8	2/36/0x423de8	0	307	0	307	0x44,0xffffffbd	post
395	2733437	13	5/0/0x0	2/30/0x423de8	2/36/0x423de8	0	303	0	303	0x44,0xffffffbd	post
396	2734970	13	5/0/0x0	2/30/0x423de8	2/36/0x423de8	0	300	0	300	0x44,0xffffffbd	post
397	2736488	13	5/0/0x0	2/30/0x423de8	2/36/0x423de8	0	305	0	305	0x44,0xffffffbd	post
398	2738037	13	5/0/0x0	2/30/0x423de8	2/36/0x423de8	0	305	0	305	0x44,0xffffffbd	post
399	2739579	13	5/0/0x0	2/30/0x423de8	2/36/0x423de8	0	302	0	302	0x44,0xffffffbd	post
400	2741109	13	5/0/0x0	2/30/0x423de8	2/36/0x423de8	0	305	0	305	0x44,0xffffffbd	post
401	2742649	13	5/0/0x0	2/30/0x423de8	2/36/0x423de8	0	302	0	302	0x44,0xffffffbd	post
402	2744186	13	5/0/0x0	2/30/0x423de8	2/36/0x423de8	0	302	0	302	0x44,0xffffffbd	post
403	2745712	13	5/0/0x0	2/30/0x423de8	2/36/0x423de8	0	303	0	303	0x44,0xffffffbd	post
404	2747241	13	5/0/0x0	2/30/0x423de8	2/36/0x423de8	0	305	0	305	0x44,0xffffffbd	post
405	2748785	13	5/0/0x0	2/30/0x423de8	2/36/0x423de8	0	304	0	304	0x44,0xffffffbd	post
406	2750327	13	5/0/0x0	2/30/0x423de8	2/36/0x423de8	0	302	0	302	0x44,0xffffffbd	post
407	2751855	13	5/0/0x0	2/30/0x423de8	2/36/0x423de8	0	305	0	305	0x44,0xffffffbd	post
408	2753393	13	5/0/0x0	2/30/0x423de8	2/36/0x423de8	0	298	0	298	0x44,0xffffffbd	post
409	2754907	13	5/0/0x0	2/30/0x423de8	2/36/0x423de8	0	304	0	304	0x44,0xffffffbd	post
410	2756447	13	5/0/0x0	2/30/0x423de8	2/36/0x423de8	0	302	0	302	0x44,0xffffffbd	post
411	2757975	13	5/0/0x0	2/30/0x423de8	2/36/0x423de8	0	303	0	303	0x44,0xffffffbd	post
412	2759505	13	5/0/0x0	2/30/0x423de8	2/36/0x423de8	0	307	0	307	0x44,0xffffffbd	post
413	2761058	13	5/0/0x0	2/30/0x423de8	2/36/0x423de8	0	306	0	306	0x44,0xffffffbd	post
414	2762607	13	5/0/0x0	2/30/0x423de8	2/36/0x423de8	0	301	0	301	0x44,0xffffffbd	post
415	2764127	13	5/0/0x0	2/30/0x423de8	2/36/0x423de8	0	298	0	298	0x44,0xffffffbd	post
416	2765639	13	5/0/0x0	2/30/0x423de8	2/36/0x423de8	0	305	0	305	0x44,0xffffffbd	post
417	2767176	13	5/0/0x0	2/30/0x423de8	2/36/0x423de8	0	302	0	302	0x44,0xffffffbd	post
418	2768709	13	5/0/0x0	2/30/0x423de8	2/36/0x423de8	0	304	0	304	0x44,0xffffffbd	post
419	2770243	13	5/0/0x0	2/30/0x423de8	2/36/0x423de8	0	307	0	307	0x44,0xffffffbd	post
420	2771797	13	5/0/0x0	2/30/0x423de8	2/36/0x423de8	0	298	0	298	0x44,0xffffffbd	post
421	2773307	13	5/0/0x0	2/30/0x423de8	2/36/0x423de8	0	304	0	304	0x44,0xffffffbd	post
422	2774844	13	5/0/0x0	2/30/0x423de8	2/36/0x423de8	0	301	0	301	0x44,0xffffffbd	post
423	2776365	13	5/0/0x0	2/30/0x423de8	2/36/0x423de8	0	301	0	301	0x44,0xffffffbd	post
424	2777893	13	5/0/0x0	2/30/0x423de8	2/36/0x423de8	0	301	0	301	0x44,0xffffffbd	post
425	2779415	13	5/0/0x0	2/30/0x423de8	2/36/0x423de8	0	305	0	305	0x44,0xffffffbd	post
426	2780951	13	5/0/0x0	2/30/0x423de8	2/36/0x423de8	0	304	0	304	0x44,0xffffffbd	post
427	2782488	13	5/0/0x0	2/30/0x423de8	2/36/0x423de8	0	303	0	303	0x44,0xffffffbd	post
428	2784018	13	5/0/0x0	2/30/0x423de8	2/36/0x423de8	0	304	0	304	0x44,0xffffffbd	post
429	2785557	13	5/0/0x0	2/30/0x423de8	2/36/0x423de8	0	305	0	305	0x44,0xffffffbd	post
430	2787095	13	5/0/0x0	2/30/0x423de8	2/36/0x423de8	0	300	0	300	0x44,0xffffffbd	post
431	2788615	13	5/0/0x0	2/30/0x423de8	2/36/0x423de8	0	302	0	302	0x44,0xffffffbd	post
432	2790149	13	5/0/0x0	2/30/0x423de8	2/36/0x423de8	0	303	0	303	0x44,0xffffffbd	post
433	2791678	13	5/0/0x0	2/30/0x423de8	2/36/0x423de8	0	303	0	303	0x44,0xffffffbd	post
434	2793208	13	5/0/0x0	2/30/0x423de8	2/36/0x423de8	0	297	0	297	0x44,0xffffffbd	post
435	2794716	13	5/0/0x0	2/30/0x423de8	2/36/0x423de8	0	306	0	306	0x44,0xffffffbd	post
436	2796265	13	5/0/0x0	2/30/0x423de8	2/36/0x423de8	0	305	0	305	0x44,0xffffffbd	post
437	2797799	13	5/0/0x0	2/30/0x423de8	2/36/0x423de8	0	302	0	302	0x44,0xffffffbd	post
438	2799330	13	5/0/0x0	2/30/0x423de8	2/36/0x423de8	0	301	0	301	0xffffffbd,0x44	post
439	2800856	13	5/0/0x0	2/30/0x423de8	2/36/0x423de8	0	300	0	300	0x44,0xffffffbd	post
440	2802379	13	5/0/0x0	2/30/0x423de8	2/36/0x423de8	0	304	0	304	0x44,0xffffffbd	post
441	2803912	13	5/0/0x0	2/30/0x423de8	2/36/0x423de8	0	303	0	303	0x44,0xffffffbd	post
442	2805448	13	5/0/0x0	2/30/0x423de8	2/36/0x423de8	0	299	0	299	0x44,0xffffffbd	post
443	2806955	13	5/0/0x0	2/30/0x423de8	2/36/0x423de8	0	304	0	304	0x44,0xffffffbd	post
444	2808497	13	5/0/0x0	2/30/0x423de8	2/36/0x423de8	0	302	0	302	0x44,0xffffffbd	post
445	2810025	13	5/0/0x0	2/30/0x423de8	2/36/0x423de8	0	303	0	303	0x44,0xffffffbd	post
446	2811563	13	5/0/0x0	2/30/0x423de8	2/36/0x423de8	0	303	0	303	0x44,0xffffffbd	post
447	2813091	13	5/0/0x0	2/30/0x423de8	2/36/0x423de8	0	303	0	303	0x44,0xffffffbd	post
448	2814626	13	5/0/0x0	2/30/0x423de8	2/36/0x423de8	0	303	0	303	0x44,0xffffffbd	post
449	2816162	13	5/0/0x0	2/30/0x423de8	2/36/0x423de8	0	304	0	304	0x44,0xffffffbd	post
450	2817698	13	5/0/0x0	2/30/0x423de8	2/36/0x423de8	0	296	0	296	0x44,0xffffffbd	post
451	2819201	13	5/0/0x0	2/30/0x423de8	2/36/0x423de8	0	306	0	306	0x44,0xffffffbd	post
452	2820743	13	5/0/0x0	2/30/0x423de8	2/36/0x423de8	0	301	0	301	0x44,0xffffffbd	post
453	2822274	13	5/0/0x0	2/30/0x423de8	2/36/0x423de8	0	304	0	304	0x44,0xffffffbd	post
454	2823811	13	5/0/0x0	2/30/0x423de8	2/36/0x423de8	0	303	0	303	0x44,0xffffffbd	post
455	2825340	13	5/0/0x0	2/30/0x423de8	2/36/0x423de8	0	300	0	300	0x44,0xffffffbd	post
456	2826863	13	5/0/0x0	2/30/0x423de8	2/36/0x423de8	0	299	0	299	0x44,0xffffffbd	post
457	2828375	13	5/0/0x0	2/30/0x423de8	2/36/0x423de8	0	303	0	304	0x44,0xffffffbd	post
458	2829911	13	5/0/0x0	2/30/0x423de8	2/36/0x423de8	0	303	0	302	0x44,0xffffffbd	post
459	2831442	13	5/0/0x0	2/30/0x423de8	2/36/0x423de8	0	302	0	302	0x44,0xffffffbd	post
460	2832966	13	5/0/0x0	2/30/0x423de8	2/36/0x423de8	0	303	0	303	0x44,0xffffffbd	post
461	2834505	13	5/0/0x0	2/30/0x423de8	2/36/0x423de8	0	298	0	298	0x44,0xffffffbd	post
462	2836010	13	5/0/0x0	2/30/0x423de8	2/36/0x423de8	0	304	0	304	0x44,0xffffffbd	post
463	2837547	13	5/0/0x0	2/30/0x423de8	2/36/0x423de8	0	297	0	297	0x44,0xffffffbd	post
464	2839053	13	5/0/0x0	2/30/0x423de8	2/36/0x423de8	0	305	0	305	0x44,0xffffffbd	post
465	2840598	13	5/0/0x0	2/30/0x423de8	2/36/0x423de8	0	301	0	301	0x44,0xffffffbd	post
466	2842120	13	5/0/0x0	2/30/0x423de8	2/36/0x423de8	0	301	0	301	0x44,0xffffffbd	post
467	2843641	13	5/0/0x0	2/30/0x423de8	2/36/0x423de8	0	301	0	301	0x44,0xffffffbd	post
468	2845163	13	5/0/0x0	2/30/0x423de8	2/36/0x423de8	0	302	0	302	0x44,0xffffffbd	post
469	2846697	13	5/0/0x0	2/30/0x423de8	2/36/0x423de8	0	300	0	300	0x44,0xffffffbd	post
470	2848209	13	5/0/0x0	2/30/0x423de8	2/36/0x423de8	0	298	0	299	0x44,0xffffffbd	post
471	2849720	13	5/0/0x0	2/30/0x423de8	2/36/0x423de8	0	301	0	300	0xffffffbd,0x44	post
472	2851242	13	5/0/0x0	2/30/0x423de8	2/36/0x423de8	0	306	0	306	0x44,0xffffffbd	post
473	2852789	13	5/0/0x0	2/30/0x423de8	2/36/0x423de8	0	305	0	305	0x44,0xffffffbd	post
474	2854335	13	5/0/0x0	2/30/0x423de8	2/36/0x423de8	0	301	0	301	0x44,0xffffffbd	post
475	2855861	13	5/0/0x0	2/30/0x423de8	2/36/0x423de8	0	301	0	301	0x44,0xffffffbd	post
476	2857385	13	5/0/0x0	2/30/0x423de8	2/36/0x423de8	0	22	0	22	0x44,0xffffffbd	post
