name	addr	jal_sites	caller_files	unique_pcs
scePadInit	0x003FF4A8	1	1	0x31ae78
scePadInit2	0x003FF5E8	0	0	
scePadEnd	0x003FF688	0	0	
scePadPortOpen	0x003FF708	2	2	0x326ee4
scePadPortClose	0x003FF8F0	2	2	0x326e78
scePadGetDmaStr	0x003FF9A8	0	0	
scePadGetFrameCount	0x003FFA08	0	0	
scePadRead	0x003FFA58	2	2	0x3271e0
scePadGetState	0x003FFBC0	4	2	0x326f1c,0x327080
scePadStateIntToStr	0x003FFC38	0	0	
scePadSetReqState	0x003FFC70	0	0	
scePadGetReqState	0x003FFCD8	4	2	0x3270ec,0x32718c
scePadInfoAct	0x003FFD60	2	2	0x327138
scePadInfoComb	0x003FFE80	0	0	
scePadInfoMode	0x003FFFA0	4	2	0x326f9c,0x326fb8
scePadSetMainMode	0x004000D8	2	2	0x32704c
scePadSetActDirect	0x00400190	2	2	0x327710
scePadSetActAlign	0x00400250	2	2	0x327164
scePadGetButtonMask	0x00400328	0	0	
scePadSetButtonInfo	0x004003E0	0	0	
scePadInfoPressMode	0x00400490	2	2	0x3270a0
scePadEnterPressMode	0x004004F0	2	2	0x3270cc
scePadExitPressMode	0x00400548	0	0	
scePadSetVrefParam	0x004005A0	0	0	
scePadGetPortMax	0x00400670	0	0	
scePadGetSlotMax	0x004006D8	0	0	
scePadGetModVersion	0x00400740	0	0	
scePadSetWarningLevel	0x004007A8	0	0	
sceCdRead	0x00401DF8	4	3	0x3e368c,0x3e3b84,0x3e3e7c,0x3e3f0c
sceCdReadClock	0x00402520	2	2	0x2c75b8,0x31ae80
sceMcInit	0x00409940	1	1	0x31ae70
sceMcEnd	0x00409B10	0	0	
sceMcChangeThreadPriority	0x00409B90	0	0	
sceMcGetSlotMax	0x00409C48	0	0	
sceMcOpen	0x00409D10	6	2	0x2c49d8,0x2c4bec,0x2c4c68,0x2c4cf4,0x2c4eac,0x2c69c4
sceMcMkdir	0x00409E38	2	2	0x2c499c,0x2c6ca0
sceMcClose	0x00409E70	8	2	0x2c4948,0x2c4b00,0x2c4c3c,0x2c4cb4,0x2c4d40,0x2c4f14,0x2c5038,0x2c6a38
sceMcSeek	0x00409F28	1	1	0x2c6aa0
sceMcRead	0x0040A090	3	2	0x2c4d1c,0x2c4ee4,0x2c6b90
sceMcWrite	0x0040A1A8	4	2	0x2c4af0,0x2c4c14,0x2c4c90,0x2c6c10
sceMcSync	0x0040A360	4	2	0x2c565c,0x2c57a4,0x2c5920,0x2c6384
sceMcGetInfo	0x0040A498	1	1	0x2c5110
sceMcGetDir	0x0040A688	5	4	0x2c424c,0x2c431c,0x2c4f84,0x2c5020,0x2c6884
sceMcChdir	0x0040A858	0	0	
sceMcFormat	0x0040A998	1	1	0x2c439c
sceMcDelete	0x0040AA68	2	2	0x2c4e2c,0x2c6d30
sceMcFlush	0x0040AB80	1	1	0x2c6b10
sceMcSetFileInfo	0x0040AC38	0	0	
sceMcRename	0x0040AE00	0	0	
sceMcUnformat	0x0040AF58	0	0	
sceMcGetEntSpace	0x0040B028	0	0	
sceSifInitCmd	0x00425D38	1	1	0x3f52b0
sceSifExitCmd	0x00425FB8	2	2	0x31b058,0x4265b0
sceSifAddCmdHandler	0x00426020	3	3	0x3c20c8,0x400e68,0x40b198
sceSifRemoveCmdHandler	0x00426050	1	1	0x400d30
_sceSifSendCmd	0x00426078	1	1	0x426218
sceSifSendCmd	0x004261B0	12	8	0x3c45c0,0x3f4988,0x3f4f98,0x3f52e0,0x40b1c8,0x40b52c,0x40b670,0x40b85c,0x40b8c8
_sceSifCmdIntrHdlr	0x00426230	0	0	
sceSifWriteBackDCache	0x00426358	14	6	0x401088,0x401b40,0x40b7ec,0x40b804,0x40b814,0x429368,0x429c0c,0x429e08,0x42a224,0x42a6b8,0x42aa34
sceSifInitRpc	0x00426408	9	8	0x319620,0x319830,0x319880,0x3c1e18,0x400f30,0x401280,0x401598,0x401a6c,0x40c040
_sceRpcGetFPacket	0x00426698	2	2	0x426ab4
_sceRpcGetFPacket2	0x004266C8	0	0	
sceSifGetOtherData	0x004268F0	0	0	
sceSifBindRpc	0x00426B48	8	8	0x3c20f0,0x3f6a5c,0x400f8c,0x4012d4,0x4015ec,0x401ac4,0x40c08c,0x42b09c
sceSifCallRpc	0x00426D18	38	18	0x3c0bbc,0x3f69fc,0x4010b0,0x401b6c,0x4023ec,0x40c344,0x40c418,0x40c4f8,0x40c5d8,0x40c6d4,0x40d520,0x428f30,0x429100,0x429390,0x4294c4,0x429700,0x42986c,0x4299fc,0x429c34,0x429e30,0x429fe8,0x42a24c,0x42a498,0x42a6e0,0x42a8c8,0x42aa8c,0x42ace4,0x42adf4,0x42ae60,0x42aed0,0x42af40,0x42afbc,0x42b03c,0x42b0e0,0x42b5f4,0x42b6a4,0x42b748,0x42b7d4
sceSifCheckStatRpc	0x00426F08	3	3	0x3c0b90,0x3f69c0,0x40c87c
sceSifSetRpcQueue	0x00426F48	0	0	
sceSifRegisterRpc	0x00426FE0	0	0	
sceSifRemoveRpc	0x004270B0	0	0	
sceSifRemoveRpcQueue	0x00427148	0	0	
sceSifGetNextRequest	0x004271D8	0	0	
sceSifExecRequest	0x00427230	0	0	
sceSifRpcLoop	0x004273F8	0	0	
_sceFsSemInit	0x00427938	1	1	0x427990
sceFsInit	0x00427A90	14	3	0x427a0c,0x428e68,0x429030,0x429208,0x42945c,0x429590,0x429938,0x429ae0,0x429d14,0x429f24,0x42a0d0,0x42a59c,0x42a7bc,0x42a9a4
sceFsReset	0x00427D28	1	1	0x319648
sceSifInitIopHeap	0x0042AB18	3	3	0x319628,0x319888,0x3c1e20
sceSifAllocIopHeap	0x0042ABA0	3	3	0x3c1f44,0x3c4ba4,0x3f511c
sceSifAllocSysMemory	0x0042AC10	0	0	
sceSifLoadIopHeap	0x0042AD28	0	0	
sceSifLoadFileReset	0x0042B1F8	0	0	
_sceSifLoadModuleBuffer	0x0042B230	2	1	0x42b808,0x42b828
_sceSifLoadModule	0x0042B840	2	1	0x42ba74,0x42ba90
_sceSifLoadElfPart	0x0042BAA8	0	0	
sceSifLoadElf	0x0042BBD0	0	0	
sceSifGetIopAddr	0x0042BBF8	0	0	
sceSifSetIopAddr	0x0042BCE8	0	0	
sceSifResetIop	0x0042BDC8	0	0	
sceSifIsAliveIop	0x0042BF08	0	0	
sceSifSyncIop	0x0042BF30	1	1	0x319870
sceSifRebootIop	0x0042BF68	1	1	0x319860
sceSifLoadModule?	0x42BA68	7	3	0x319754,0x3c1e64,0x3c1e80,0x3c1eb8,0x3c1ed4,0x3f5e0c,0x3f5e50
audioInit?	0x3C1B80	1	1	0x3b523c
pathAppend?	0x3C15D8	4	1	0x3c1e44,0x3c1e54,0x3c1e98,0x3c1ea8
audioRpcWrap	0x3C0B10	4	3	0x3c2224,0x3c232c,0x3c34a4,0x3c34e8
audioSifSender	0x3C4450	2	2	0x3c4640,0x3c48ec
netInit	0x228EE0	1	1	0x2282fc
netBindWrap	0x3F6A40	1	1	0x229148
netRpcWrap	0x3F6960	7	7	0x3f6a98,0x3f6adc,0x3f6b0c,0x3f6b3c,0x3f6b6c,0x3f6bd8,0x3f6c2c
netLoader2	0x3F61D0	1	1	0x266814
bootSeq	0x31ADB0	1	1	0x31afa0
irxLoader	0x319718	21	3	0x228f0c,0x228f30,0x228f4c,0x228f74,0x228fc4,0x228fe4,0x229004,0x229030,0x229068,0x2290a0,0x2290d8,0x2290fc,0x22911c,0x229138,0x3197ec,0x31addc,0x31adf8,0x31ae14,0x31ae30,0x31ae4c,0x31ae68
VSync	0x424230	0	0	
sceSifMCallRpc	0x40B6D0	0	0	
