tick,record,offset,info
902,marker,133767254,
902,priv,133767267,off=1000_value=0000000000004008
902,priv,133767292,off=0000_value=000000000000ff21
902,priv,133767317,off=0020_value=0000000000000001
902,priv,133767342,off=0070_value=0000000000009070
902,priv,133767367,off=0080_value=001bfa0002032281
902,priv,133767392,off=00e0_value=0000000000000000
903,marker,134132634,
903,priv,134132647,off=1000_value=0000000000006008
903,priv,134132672,off=0000_value=000000000000ff21
903,priv,134132697,off=0020_value=0000000000000001
903,priv,134132722,off=0070_value=0000000000009070
903,priv,134132747,off=0080_value=001bfa0002032281
903,priv,134132772,off=00e0_value=0000000000000000
904,marker,134498014,
904,priv,134498027,off=1000_value=0000000000004008
904,priv,134498052,off=0000_value=000000000000ff21
904,priv,134498077,off=0020_value=0000000000000001
904,priv,134498102,off=0070_value=0000000000009070
904,priv,134498127,off=0080_value=001bfa0002032281
904,priv,134498152,off=00e0_value=0000000000000000
905,marker,134790131,
905,priv,134790144,off=1000_value=0000000000006008
905,priv,134790169,off=0000_value=000000000000ff21
905,priv,134790194,off=0020_value=0000000000000001
905,priv,134790219,off=0070_value=0000000000009070
905,priv,134790244,off=0080_value=001bfa0002032281
905,priv,134790269,off=00e0_value=0000000000000000
906,marker,135148021,
906,priv,135148034,off=1000_value=0000000000004008
906,priv,135148059,off=0000_value=000000000000ff21
906,priv,135148084,off=0020_value=0000000000000001
906,priv,135148109,off=0070_value=0000000000009070
906,priv,135148134,off=0080_value=001bfa0002032281
906,priv,135148159,off=00e0_value=0000000000000000
907,marker,135505911,
907,priv,135505924,off=1000_value=0000000000006008
907,priv,135505949,off=0000_value=000000000000ff21
907,priv,135505974,off=0020_value=0000000000000001
907,priv,135505999,off=0070_value=0000000000009070
907,priv,135506024,off=0080_value=001bfa0002032281
907,priv,135506049,off=00e0_value=0000000000000000
908,marker,135863801,
908,priv,135863814,off=1000_value=0000000000004008
908,priv,135863839,off=0000_value=000000000000ff21
908,priv,135863864,off=0020_value=0000000000000001
908,priv,135863889,off=0070_value=0000000000009070
908,priv,135863914,off=0080_value=001bfa0002032281
908,priv,135863939,off=00e0_value=0000000000000000
909,marker,136221691,
909,priv,136221704,off=1000_value=0000000000006008
909,priv,136221729,off=0000_value=000000000000ff21
909,priv,136221754,off=0020_value=0000000000000001
909,priv,136221779,off=0070_value=0000000000009070
909,priv,136221804,off=0080_value=001bfa0002032281
909,priv,136221829,off=00e0_value=0000000000000000
910,marker,136579581,
910,priv,136579594,off=1000_value=0000000000004008
910,priv,136579619,off=0000_value=000000000000ff21
910,priv,136579644,off=0020_value=0000000000000001
910,priv,136579669,off=0070_value=0000000000009070
910,priv,136579694,off=0080_value=001bfa0002032281
910,priv,136579719,off=00e0_value=0000000000000000
911,marker,136937471,
911,priv,136937484,off=1000_value=0000000000006008
911,priv,136937509,off=0000_value=000000000000ff21
911,priv,136937534,off=0020_value=0000000000000001
911,priv,136937559,off=0070_value=0000000000009070
911,priv,136937584,off=0080_value=001bfa0002032281
911,priv,136937609,off=00e0_value=0000000000000000
912,marker,137295361,
912,priv,137295374,off=1000_value=0000000000004008
912,priv,137295399,off=0000_value=000000000000ff21
912,priv,137295424,off=0020_value=0000000000000001
912,priv,137295449,off=0070_value=0000000000009070
912,priv,137295474,off=0080_value=001bfa0002032281
912,priv,137295499,off=00e0_value=0000000000000000
913,marker,137653251,
913,priv,137653264,off=1000_value=0000000000006008
913,priv,137653289,off=0000_value=000000000000ff21
913,priv,137653314,off=0020_value=0000000000000001
913,priv,137653339,off=0070_value=0000000000009070
913,priv,137653364,off=0080_value=001bfa0002032281
913,priv,137653389,off=00e0_value=0000000000000000
914,marker,138011141,
914,priv,138011154,off=1000_value=0000000000004008
914,priv,138011179,off=0000_value=000000000000ff21
914,priv,138011204,off=0020_value=0000000000000001
914,priv,138011229,off=0070_value=0000000000009070
914,priv,138011254,off=0080_value=001bfa0002032281
914,priv,138011279,off=00e0_value=0000000000000000
915,marker,138369031,
915,priv,138369044,off=1000_value=0000000000006008
915,priv,138369069,off=0000_value=000000000000ff21
915,priv,138369094,off=0020_value=0000000000000001
915,priv,138369119,off=0070_value=0000000000009070
915,priv,138369144,off=0080_value=001bfa0002032281
915,priv,138369169,off=00e0_value=0000000000000000
916,marker,138726921,
916,priv,138726934,off=1000_value=0000000000004008
916,priv,138726959,off=0000_value=000000000000ff21
916,priv,138726984,off=0020_value=0000000000000001
916,priv,138727009,off=0070_value=0000000000009070
916,priv,138727034,off=0080_value=001bfa0002032281
916,priv,138727059,off=00e0_value=0000000000000000
917,marker,139084811,
917,priv,139084824,off=1000_value=0000000000006008
917,priv,139084849,off=0000_value=000000000000ff21
917,priv,139084874,off=0020_value=0000000000000001
917,priv,139084899,off=0070_value=0000000000009070
917,priv,139084924,off=0080_value=001bfa0002032281
917,priv,139084949,off=00e0_value=0000000000000000
918,marker,139442701,
918,priv,139442714,off=1000_value=0000000000004008
918,priv,139442739,off=0000_value=000000000000ff21
918,priv,139442764,off=0020_value=0000000000000001
918,priv,139442789,off=0070_value=0000000000009070
918,priv,139442814,off=0080_value=001bfa0002032281
918,priv,139442839,off=00e0_value=0000000000000000
919,marker,139800591,
919,priv,139800604,off=1000_value=0000000000006008
919,priv,139800629,off=0000_value=000000000000ff21
919,priv,139800654,off=0020_value=0000000000000001
919,priv,139800679,off=0070_value=0000000000009070
919,priv,139800704,off=0080_value=001bfa0002032281
919,priv,139800729,off=00e0_value=0000000000000000
920,marker,140158481,
920,priv,140158494,off=1000_value=0000000000004008
920,priv,140158519,off=0000_value=000000000000ff21
920,priv,140158544,off=0020_value=0000000000000001
920,priv,140158569,off=0070_value=0000000000009070
920,priv,140158594,off=0080_value=001bfa0002032281
920,priv,140158619,off=00e0_value=0000000000000000
921,marker,140516371,
921,priv,140516384,off=1000_value=0000000000006008
921,priv,140516409,off=0000_value=000000000000ff21
921,priv,140516434,off=0020_value=0000000000000001
921,priv,140516459,off=0070_value=0000000000009070
921,priv,140516484,off=0080_value=001bfa0002032281
921,priv,140516509,off=00e0_value=0000000000000000
922,marker,141150429,
922,priv,141150442,off=1000_value=0000000000004008
922,priv,141150467,off=0000_value=000000000000ff21
922,priv,141150492,off=0020_value=0000000000000001
922,priv,141150517,off=0070_value=0000000000009070
922,priv,141150542,off=0080_value=001bfa0002032281
922,priv,141150567,off=00e0_value=0000000000000000
923,marker,141785031,
923,priv,141785044,off=1000_value=0000000000006008
923,priv,141785069,off=0000_value=000000000000ff21
923,priv,141785094,off=0020_value=0000000000000001
923,priv,141785119,off=0070_value=0000000000009070
923,priv,141785144,off=0080_value=001bfa0002032281
923,priv,141785169,off=00e0_value=0000000000000000
924,marker,142419633,
924,priv,142419646,off=1000_value=0000000000004008
924,priv,142419671,off=0000_value=000000000000ff21
924,priv,142419696,off=0020_value=0000000000000001
924,priv,142419721,off=0070_value=0000000000009070
924,priv,142419746,off=0080_value=001bfa0002032281
924,priv,142419771,off=00e0_value=0000000000000000
925,marker,143054235,
925,priv,143054248,off=1000_value=0000000000006008
925,priv,143054273,off=0000_value=000000000000ff21
925,priv,143054298,off=0020_value=0000000000000001
925,priv,143054323,off=0070_value=0000000000009070
925,priv,143054348,off=0080_value=001bfa0002032281
925,priv,143054373,off=00e0_value=0000000000000000
926,marker,143688837,
926,priv,143688850,off=1000_value=0000000000004008
926,priv,143688875,off=0000_value=000000000000ff21
926,priv,143688900,off=0020_value=0000000000000001
926,priv,143688925,off=0070_value=0000000000009070
926,priv,143688950,off=0080_value=001bfa0002032281
926,priv,143688975,off=00e0_value=0000000000000000
927,marker,144323439,
927,priv,144323452,off=1000_value=0000000000006008
927,priv,144323477,off=0000_value=000000000000ff21
927,priv,144323502,off=0020_value=0000000000000001
927,priv,144323527,off=0070_value=0000000000009070
927,priv,144323552,off=0080_value=001bfa0002032281
927,priv,144323577,off=00e0_value=0000000000000000
928,marker,144958041,
928,priv,144958054,off=1000_value=0000000000004008
928,priv,144958079,off=0000_value=000000000000ff21
928,priv,144958104,off=0020_value=0000000000000001
928,priv,144958129,off=0070_value=0000000000009070
928,priv,144958154,off=0080_value=001bfa0002032281
928,priv,144958179,off=00e0_value=0000000000000000
929,marker,145592643,
929,priv,145592656,off=1000_value=0000000000006008
929,priv,145592681,off=0000_value=000000000000ff21
929,priv,145592706,off=0020_value=0000000000000001
929,priv,145592731,off=0070_value=0000000000009070
929,priv,145592756,off=0080_value=001bfa0002032281
929,priv,145592781,off=00e0_value=0000000000000000
930,marker,146227245,
930,priv,146227258,off=1000_value=0000000000004008
930,priv,146227283,off=0000_value=000000000000ff21
930,priv,146227308,off=0020_value=0000000000000001
930,priv,146227333,off=0070_value=0000000000009070
930,priv,146227358,off=0080_value=001bfa0002032281
930,priv,146227383,off=00e0_value=0000000000000000
931,marker,146861847,
931,priv,146861860,off=1000_value=0000000000006008
931,priv,146861885,off=0000_value=000000000000ff21
931,priv,146861910,off=0020_value=0000000000000001
931,priv,146861935,off=0070_value=0000000000009070
931,priv,146861960,off=0080_value=001bfa0002032281
931,priv,146861985,off=00e0_value=0000000000000000
932,marker,147496449,
932,priv,147496462,off=1000_value=0000000000004008
932,priv,147496487,off=0000_value=000000000000ff21
932,priv,147496512,off=0020_value=0000000000000001
932,priv,147496537,off=0070_value=0000000000009070
932,priv,147496562,off=0080_value=001bfa0002032281
932,priv,147496587,off=00e0_value=0000000000000000
933,marker,148131051,
933,priv,148131064,off=1000_value=0000000000006008
933,priv,148131089,off=0000_value=000000000000ff21
933,priv,148131114,off=0020_value=0000000000000001
933,priv,148131139,off=0070_value=0000000000009070
933,priv,148131164,off=0080_value=001bfa0002032281
933,priv,148131189,off=00e0_value=0000000000000000
934,marker,148765653,
934,priv,148765666,off=1000_value=0000000000004008
934,priv,148765691,off=0000_value=000000000000ff21
934,priv,148765716,off=0020_value=0000000000000001
934,priv,148765741,off=0070_value=0000000000009070
934,priv,148765766,off=0080_value=001bfa0002032281
934,priv,148765791,off=00e0_value=0000000000000000
935,marker,149400255,
935,priv,149400268,off=1000_value=0000000000006008
935,priv,149400293,off=0000_value=000000000000ff21
935,priv,149400318,off=0020_value=0000000000000001
935,priv,149400343,off=0070_value=0000000000009070
935,priv,149400368,off=0080_value=001bfa0002032281
935,priv,149400393,off=00e0_value=0000000000000000
936,marker,150034857,
936,priv,150034870,off=1000_value=0000000000004008
936,priv,150034895,off=0000_value=000000000000ff21
936,priv,150034920,off=0020_value=0000000000000001
936,priv,150034945,off=0070_value=0000000000009070
936,priv,150034970,off=0080_value=001bfa0002032281
936,priv,150034995,off=00e0_value=0000000000000000
937,marker,150669459,
937,priv,150669472,off=1000_value=0000000000006008
937,priv,150669497,off=0000_value=000000000000ff21
937,priv,150669522,off=0020_value=0000000000000001
937,priv,150669547,off=0070_value=0000000000009070
937,priv,150669572,off=0080_value=001bfa0002032281
937,priv,150669597,off=00e0_value=0000000000000000
938,marker,151304061,
938,priv,151304074,off=1000_value=0000000000004008
938,priv,151304099,off=0000_value=000000000000ff21
938,priv,151304124,off=0020_value=0000000000000001
938,priv,151304149,off=0070_value=0000000000009070
938,priv,151304174,off=0080_value=001bfa0002032281
938,priv,151304199,off=00e0_value=0000000000000000
939,marker,151938663,
939,priv,151938676,off=1000_value=0000000000006008
939,priv,151938701,off=0000_value=000000000000ff21
939,priv,151938726,off=0020_value=0000000000000001
939,priv,151938751,off=0070_value=0000000000009070
939,priv,151938776,off=0080_value=001bfa0002032281
939,priv,151938801,off=00e0_value=0000000000000000
940,marker,152573265,
940,priv,152573278,off=1000_value=0000000000004008
940,priv,152573303,off=0000_value=000000000000ff21
940,priv,152573328,off=0020_value=0000000000000001
940,priv,152573353,off=0070_value=0000000000009070
940,priv,152573378,off=0080_value=001bfa0002032281
940,priv,152573403,off=00e0_value=0000000000000000
941,marker,153207867,
941,priv,153207880,off=1000_value=0000000000006008
941,priv,153207905,off=0000_value=000000000000ff21
941,priv,153207930,off=0020_value=0000000000000001
941,priv,153207955,off=0070_value=0000000000009070
941,priv,153207980,off=0080_value=001bfa0002032281
941,priv,153208005,off=00e0_value=0000000000000000
942,marker,153842469,
942,priv,153842482,off=1000_value=0000000000004008
942,priv,153842507,off=0000_value=000000000000ff21
942,priv,153842532,off=0020_value=0000000000000001
942,priv,153842557,off=0070_value=0000000000009070
942,priv,153842582,off=0080_value=001bfa0002032281
942,priv,153842607,off=00e0_value=0000000000000000
943,marker,154477071,
943,priv,154477084,off=1000_value=0000000000006008
943,priv,154477109,off=0000_value=000000000000ff21
943,priv,154477134,off=0020_value=0000000000000001
943,priv,154477159,off=0070_value=0000000000009070
943,priv,154477184,off=0080_value=001bfa0002032281
943,priv,154477209,off=00e0_value=0000000000000000
944,marker,155111673,
944,priv,155111686,off=1000_value=0000000000004008
944,priv,155111711,off=0000_value=000000000000ff21
944,priv,155111736,off=0020_value=0000000000000001
944,priv,155111761,off=0070_value=0000000000009070
944,priv,155111786,off=0080_value=001bfa0002032281
944,priv,155111811,off=00e0_value=0000000000000000
945,marker,155746275,
945,priv,155746288,off=1000_value=0000000000006008
945,priv,155746313,off=0000_value=000000000000ff21
945,priv,155746338,off=0020_value=0000000000000001
945,priv,155746363,off=0070_value=0000000000009070
945,priv,155746388,off=0080_value=001bfa0002032281
945,priv,155746413,off=00e0_value=0000000000000000
946,marker,156380877,
946,priv,156380890,off=1000_value=0000000000004008
946,priv,156380915,off=0000_value=000000000000ff21
946,priv,156380940,off=0020_value=0000000000000001
946,priv,156380965,off=0070_value=0000000000009070
946,priv,156380990,off=0080_value=001bfa0002032281
946,priv,156381015,off=00e0_value=0000000000000000
947,marker,157015479,
947,priv,157015492,off=1000_value=0000000000006008
947,priv,157015517,off=0000_value=000000000000ff21
947,priv,157015542,off=0020_value=0000000000000001
947,priv,157015567,off=0070_value=0000000000009070
947,priv,157015592,off=0080_value=001bfa0002032281
947,priv,157015617,off=00e0_value=0000000000000000
948,marker,157650081,
948,priv,157650094,off=1000_value=0000000000004008
948,priv,157650119,off=0000_value=000000000000ff21
948,priv,157650144,off=0020_value=0000000000000001
948,priv,157650169,off=0070_value=0000000000009070
948,priv,157650194,off=0080_value=001bfa0002032281
948,priv,157650219,off=00e0_value=0000000000000000
949,marker,158284683,
949,priv,158284696,off=1000_value=0000000000006008
949,priv,158284721,off=0000_value=000000000000ff21
949,priv,158284746,off=0020_value=0000000000000001
949,priv,158284771,off=0070_value=0000000000009070
949,priv,158284796,off=0080_value=001bfa0002032281
949,priv,158284821,off=00e0_value=0000000000000000
