tick	packet	path	batch	cand	kind	dst_xy	dst_addr	old	new	src_uv	taps	tap_state	blend	state	test	classification
600	47176	2	0	-	batch-c1	-	-	-	-	-	-	-	-	rect=(95,378)-(102,386) fst=0 tme=1 abe=1 frame=fbp0,fbw8,psm0,fbmsk=0x00000000 tex=tbp0-11017,tbw8,psm20,tw9,th8,tcc1,tfx0,cbp11016,cpsm0,csm0,csa0,cld1 clamp=0x5 xyoff=(28672,29184) tex1=0x61 texa=(ta0=128,aem=0,ta1=128) test=0x31143 alpha=0x44 pabe=0 vrt=(29,5,4,128)	-	batch-c1
600	47176	2	1	-	batch-c1	-	-	-	-	-	-	-	-	rect=(104,377)-(104,377) fst=0 tme=1 abe=1 frame=fbp0,fbw8,psm0,fbmsk=0x00000000 tex=tbp0-11017,tbw8,psm20,tw9,th8,tcc1,tfx0,cbp11016,cpsm0,csm0,csa0,cld1 clamp=0x5 xyoff=(28672,29184) tex1=0x61 texa=(ta0=128,aem=0,ta1=128) test=0x31143 alpha=0x44 pabe=0 vrt=(29,5,4,128)	-	batch-c1
600	47176	2	2	-	batch-c1	-	-	-	-	-	-	-	-	rect=(107,378)-(115,387) fst=0 tme=1 abe=1 frame=fbp0,fbw8,psm0,fbmsk=0x00000000 tex=tbp0-11017,tbw8,psm20,tw9,th8,tcc1,tfx0,cbp11016,cpsm0,csm0,csa0,cld1 clamp=0x5 xyoff=(28672,29184) tex1=0x61 texa=(ta0=128,aem=0,ta1=128) test=0x31143 alpha=0x44 pabe=0 vrt=(29,5,4,128)	-	batch-c1
600	47176	2	3	-	batch-c1	-	-	-	-	-	-	-	-	rect=(117,378)-(125,387) fst=0 tme=1 abe=1 frame=fbp0,fbw8,psm0,fbmsk=0x00000000 tex=tbp0-11017,tbw8,psm20,tw9,th8,tcc1,tfx0,cbp11016,cpsm0,csm0,csa0,cld1 clamp=0x5 xyoff=(28672,29184) tex1=0x61 texa=(ta0=128,aem=0,ta1=128) test=0x31143 alpha=0x44 pabe=0 vrt=(29,5,4,128)	-	batch-c1
600	47176	2	4	-	batch-c1	-	-	-	-	-	-	-	-	rect=(127,378)-(135,387) fst=0 tme=1 abe=1 frame=fbp0,fbw8,psm0,fbmsk=0x00000000 tex=tbp0-11017,tbw8,psm20,tw9,th8,tcc1,tfx0,cbp11016,cpsm0,csm0,csa0,cld1 clamp=0x5 xyoff=(28672,29184) tex1=0x61 texa=(ta0=128,aem=0,ta1=128) test=0x31143 alpha=0x44 pabe=0 vrt=(29,5,4,128)	-	batch-c1
600	47176	2	5	-	batch-c1	-	-	-	-	-	-	-	-	rect=(137,378)-(145,387) fst=0 tme=1 abe=1 frame=fbp0,fbw8,psm0,fbmsk=0x00000000 tex=tbp0-11017,tbw8,psm20,tw9,th8,tcc1,tfx0,cbp11016,cpsm0,csm0,csa0,cld1 clamp=0x5 xyoff=(28672,29184) tex1=0x61 texa=(ta0=128,aem=0,ta1=128) test=0x31143 alpha=0x44 pabe=0 vrt=(29,5,4,128)	-	batch-c1
600	47176	2	6	-	batch-c1	-	-	-	-	-	-	-	-	rect=(146,377)-(146,377) fst=0 tme=1 abe=1 frame=fbp0,fbw8,psm0,fbmsk=0x00000000 tex=tbp0-11017,tbw8,psm20,tw9,th8,tcc1,tfx0,cbp11016,cpsm0,csm0,csa0,cld1 clamp=0x5 xyoff=(28672,29184) tex1=0x61 texa=(ta0=128,aem=0,ta1=128) test=0x31143 alpha=0x44 pabe=0 vrt=(29,5,4,128)	-	batch-c1
600	47176	2	7	-	batch-c1	-	-	-	-	-	-	-	-	rect=(150,378)-(157,387) fst=0 tme=1 abe=1 frame=fbp0,fbw8,psm0,fbmsk=0x00000000 tex=tbp0-11017,tbw8,psm20,tw9,th8,tcc1,tfx0,cbp11016,cpsm0,csm0,csa0,cld1 clamp=0x5 xyoff=(28672,29184) tex1=0x61 texa=(ta0=128,aem=0,ta1=128) test=0x31143 alpha=0x44 pabe=0 vrt=(29,5,4,128)	-	batch-c1
600	47176	2	8	-	batch-c1	-	-	-	-	-	-	-	-	rect=(159,378)-(160,387) fst=0 tme=1 abe=1 frame=fbp0,fbw8,psm0,fbmsk=0x00000000 tex=tbp0-11017,tbw8,psm20,tw9,th8,tcc1,tfx0,cbp11016,cpsm0,csm0,csa0,cld1 clamp=0x5 xyoff=(28672,29184) tex1=0x61 texa=(ta0=128,aem=0,ta1=128) test=0x31143 alpha=0x44 pabe=0 vrt=(29,5,4,128)	-	batch-c1
600	47176	2	9	-	batch-c1	-	-	-	-	-	-	-	-	rect=(162,381)-(169,387) fst=0 tme=1 abe=1 frame=fbp0,fbw8,psm0,fbmsk=0x00000000 tex=tbp0-11017,tbw8,psm20,tw9,th8,tcc1,tfx0,cbp11016,cpsm0,csm0,csa0,cld1 clamp=0x5 xyoff=(28672,29184) tex1=0x61 texa=(ta0=128,aem=0,ta1=128) test=0x31143 alpha=0x44 pabe=0 vrt=(29,5,4,128)	-	batch-c1
600	47176	2	10	-	batch-c1	-	-	-	-	-	-	-	-	rect=(171,381)-(177,387) fst=0 tme=1 abe=1 frame=fbp0,fbw8,psm0,fbmsk=0x00000000 tex=tbp0-11017,tbw8,psm20,tw9,th8,tcc1,tfx0,cbp11016,cpsm0,csm0,csa0,cld1 clamp=0x5 xyoff=(28672,29184) tex1=0x61 texa=(ta0=128,aem=0,ta1=128) test=0x31143 alpha=0x44 pabe=0 vrt=(29,5,4,128)	-	batch-c1
600	47176	2	11	-	batch-c1	-	-	-	-	-	-	-	-	rect=(179,378)-(183,387) fst=0 tme=1 abe=1 frame=fbp0,fbw8,psm0,fbmsk=0x00000000 tex=tbp0-11017,tbw8,psm20,tw9,th8,tcc1,tfx0,cbp11016,cpsm0,csm0,csa0,cld1 clamp=0x5 xyoff=(28672,29184) tex1=0x61 texa=(ta0=128,aem=0,ta1=128) test=0x31143 alpha=0x44 pabe=0 vrt=(29,5,4,128)	-	batch-c1
600	47176	2	12	-	batch-c1	-	-	-	-	-	-	-	-	rect=(184,381)-(187,387) fst=0 tme=1 abe=1 frame=fbp0,fbw8,psm0,fbmsk=0x00000000 tex=tbp0-11017,tbw8,psm20,tw9,th8,tcc1,tfx0,cbp11016,cpsm0,csm0,csa0,cld1 clamp=0x5 xyoff=(28672,29184) tex1=0x61 texa=(ta0=128,aem=0,ta1=128) test=0x31143 alpha=0x44 pabe=0 vrt=(29,5,4,128)	-	batch-c1
600	47176	2	13	-	batch-c1	-	-	-	-	-	-	-	-	rect=(189,381)-(196,387) fst=0 tme=1 abe=1 frame=fbp0,fbw8,psm0,fbmsk=0x00000000 tex=tbp0-11017,tbw8,psm20,tw9,th8,tcc1,tfx0,cbp11016,cpsm0,csm0,csa0,cld1 clamp=0x5 xyoff=(28672,29184) tex1=0x61 texa=(ta0=128,aem=0,ta1=128) test=0x31143 alpha=0x44 pabe=0 vrt=(29,5,4,128)	-	batch-c1
600	47176	2	14	-	batch-c1	-	-	-	-	-	-	-	-	rect=(198,381)-(204,387) fst=0 tme=1 abe=1 frame=fbp0,fbw8,psm0,fbmsk=0x00000000 tex=tbp0-11017,tbw8,psm20,tw9,th8,tcc1,tfx0,cbp11016,cpsm0,csm0,csa0,cld1 clamp=0x5 xyoff=(28672,29184) tex1=0x61 texa=(ta0=128,aem=0,ta1=128) test=0x31143 alpha=0x44 pabe=0 vrt=(29,5,4,128)	-	batch-c1
600	47176	2	15	-	batch-c1	-	-	-	-	-	-	-	-	rect=(206,378)-(207,387) fst=0 tme=1 abe=1 frame=fbp0,fbw8,psm0,fbmsk=0x00000000 tex=tbp0-11017,tbw8,psm20,tw9,th8,tcc1,tfx0,cbp11016,cpsm0,csm0,csa0,cld1 clamp=0x5 xyoff=(28672,29184) tex1=0x61 texa=(ta0=128,aem=0,ta1=128) test=0x31143 alpha=0x44 pabe=0 vrt=(29,5,4,128)	-	batch-c1
600	47176	2	16	-	batch-c1	-	-	-	-	-	-	-	-	rect=(210,381)-(215,387) fst=0 tme=1 abe=1 frame=fbp0,fbw8,psm0,fbmsk=0x00000000 tex=tbp0-11017,tbw8,psm20,tw9,th8,tcc1,tfx0,cbp11016,cpsm0,csm0,csa0,cld1 clamp=0x5 xyoff=(28672,29184) tex1=0x61 texa=(ta0=128,aem=0,ta1=128) test=0x31143 alpha=0x44 pabe=0 vrt=(29,5,4,128)	-	batch-c1
600	47176	2	17	-	batch-c1	-	-	-	-	-	-	-	-	rect=(217,377)-(217,377) fst=0 tme=1 abe=1 frame=fbp0,fbw8,psm0,fbmsk=0x00000000 tex=tbp0-11017,tbw8,psm20,tw9,th8,tcc1,tfx0,cbp11016,cpsm0,csm0,csa0,cld1 clamp=0x5 xyoff=(28672,29184) tex1=0x61 texa=(ta0=128,aem=0,ta1=128) test=0x31143 alpha=0x44 pabe=0 vrt=(29,5,4,128)	-	batch-c1
600	47176	2	18	-	batch-c1	-	-	-	-	-	-	-	-	rect=(220,378)-(229,387) fst=0 tme=1 abe=1 frame=fbp0,fbw8,psm0,fbmsk=0x00000000 tex=tbp0-11017,tbw8,psm20,tw9,th8,tcc1,tfx0,cbp11016,cpsm0,csm0,csa0,cld1 clamp=0x5 xyoff=(28672,29184) tex1=0x61 texa=(ta0=128,aem=0,ta1=128) test=0x31143 alpha=0x44 pabe=0 vrt=(29,5,4,128)	-	batch-c1
600	47176	2	19	-	batch-c1	-	-	-	-	-	-	-	-	rect=(231,381)-(233,387) fst=0 tme=1 abe=1 frame=fbp0,fbw8,psm0,fbmsk=0x00000000 tex=tbp0-11017,tbw8,psm20,tw9,th8,tcc1,tfx0,cbp11016,cpsm0,csm0,csa0,cld1 clamp=0x5 xyoff=(28672,29184) tex1=0x61 texa=(ta0=128,aem=0,ta1=128) test=0x31143 alpha=0x44 pabe=0 vrt=(29,5,4,128)	-	batch-c1
600	47176	2	20	-	batch-c1	-	-	-	-	-	-	-	-	rect=(235,378)-(239,387) fst=0 tme=1 abe=1 frame=fbp0,fbw8,psm0,fbmsk=0x00000000 tex=tbp0-11017,tbw8,psm20,tw9,th8,tcc1,tfx0,cbp11016,cpsm0,csm0,csa0,cld1 clamp=0x5 xyoff=(28672,29184) tex1=0x61 texa=(ta0=128,aem=0,ta1=128) test=0x31143 alpha=0x44 pabe=0 vrt=(29,5,4,128)	-	batch-c1
600	47176	2	21	-	batch-c1	-	-	-	-	-	-	-	-	rect=(240,381)-(246,387) fst=0 tme=1 abe=1 frame=fbp0,fbw8,psm0,fbmsk=0x00000000 tex=tbp0-11017,tbw8,psm20,tw9,th8,tcc1,tfx0,cbp11016,cpsm0,csm0,csa0,cld1 clamp=0x5 xyoff=(28672,29184) tex1=0x61 texa=(ta0=128,aem=0,ta1=128) test=0x31143 alpha=0x44 pabe=0 vrt=(29,5,4,128)	-	batch-c1
600	47176	2	22	-	batch-c1	-	-	-	-	-	-	-	-	rect=(248,377)-(248,377) fst=0 tme=1 abe=1 frame=fbp0,fbw8,psm0,fbmsk=0x00000000 tex=tbp0-11017,tbw8,psm20,tw9,th8,tcc1,tfx0,cbp11016,cpsm0,csm0,csa0,cld1 clamp=0x5 xyoff=(28672,29184) tex1=0x61 texa=(ta0=128,aem=0,ta1=128) test=0x31143 alpha=0x44 pabe=0 vrt=(29,5,4,128)	-	batch-c1
600	47176	2	23	-	batch-c1	-	-	-	-	-	-	-	-	rect=(251,378)-(251,387) fst=0 tme=1 abe=1 frame=fbp0,fbw8,psm0,fbmsk=0x00000000 tex=tbp0-11017,tbw8,psm20,tw9,th8,tcc1,tfx0,cbp11016,cpsm0,csm0,csa0,cld1 clamp=0x5 xyoff=(28672,29184) tex1=0x61 texa=(ta0=128,aem=0,ta1=128) test=0x31143 alpha=0x44 pabe=0 vrt=(29,5,4,128)	-	batch-c1
600	47176	2	24	-	batch-c1	-	-	-	-	-	-	-	-	rect=(254,381)-(261,387) fst=0 tme=1 abe=1 frame=fbp0,fbw8,psm0,fbmsk=0x00000000 tex=tbp0-11017,tbw8,psm20,tw9,th8,tcc1,tfx0,cbp11016,cpsm0,csm0,csa0,cld1 clamp=0x5 xyoff=(28672,29184) tex1=0x61 texa=(ta0=128,aem=0,ta1=128) test=0x31143 alpha=0x44 pabe=0 vrt=(29,5,4,128)	-	batch-c1
600	47176	2	25	-	batch-c1	-	-	-	-	-	-	-	-	rect=(263,381)-(269,387) fst=0 tme=1 abe=1 frame=fbp0,fbw8,psm0,fbmsk=0x00000000 tex=tbp0-11017,tbw8,psm20,tw9,th8,tcc1,tfx0,cbp11016,cpsm0,csm0,csa0,cld1 clamp=0x5 xyoff=(28672,29184) tex1=0x61 texa=(ta0=128,aem=0,ta1=128) test=0x31143 alpha=0x44 pabe=0 vrt=(29,5,4,128)	-	batch-c1
600	47176	2	26	-	batch-c1	-	-	-	-	-	-	-	-	rect=(271,387)-(272,387) fst=0 tme=1 abe=1 frame=fbp0,fbw8,psm0,fbmsk=0x00000000 tex=tbp0-11017,tbw8,psm20,tw9,th8,tcc1,tfx0,cbp11016,cpsm0,csm0,csa0,cld1 clamp=0x5 xyoff=(28672,29184) tex1=0x61 texa=(ta0=128,aem=0,ta1=128) test=0x31143 alpha=0x44 pabe=0 vrt=(29,5,4,128)	-	batch-c1
600	47176	2	27	-	batch-c1	-	-	-	-	-	-	-	-	rect=(274,377)-(274,377) fst=0 tme=1 abe=1 frame=fbp0,fbw8,psm0,fbmsk=0x00000000 tex=tbp0-11017,tbw8,psm20,tw9,th8,tcc1,tfx0,cbp11016,cpsm0,csm0,csa0,cld1 clamp=0x5 xyoff=(28672,29184) tex1=0x61 texa=(ta0=128,aem=0,ta1=128) test=0x31143 alpha=0x44 pabe=0 vrt=(29,5,4,128)	-	batch-c1
600	47176	2	28	-	batch-c1	-	-	-	-	-	-	-	-	rect=(277,378)-(285,387) fst=0 tme=1 abe=1 frame=fbp0,fbw8,psm0,fbmsk=0x00000000 tex=tbp0-11017,tbw8,psm20,tw9,th8,tcc1,tfx0,cbp11016,cpsm0,csm0,csa0,cld1 clamp=0x5 xyoff=(28672,29184) tex1=0x61 texa=(ta0=128,aem=0,ta1=128) test=0x31143 alpha=0x44 pabe=0 vrt=(29,5,4,128)	-	batch-c1
600	47176	2	29	-	batch-c1	-	-	-	-	-	-	-	-	rect=(287,378)-(288,387) fst=0 tme=1 abe=1 frame=fbp0,fbw8,psm0,fbmsk=0x00000000 tex=tbp0-11017,tbw8,psm20,tw9,th8,tcc1,tfx0,cbp11016,cpsm0,csm0,csa0,cld1 clamp=0x5 xyoff=(28672,29184) tex1=0x61 texa=(ta0=128,aem=0,ta1=128) test=0x31143 alpha=0x44 pabe=0 vrt=(29,5,4,128)	-	batch-c1
600	47176	2	30	-	batch-c1	-	-	-	-	-	-	-	-	rect=(290,378)-(291,387) fst=0 tme=1 abe=1 frame=fbp0,fbw8,psm0,fbmsk=0x00000000 tex=tbp0-11017,tbw8,psm20,tw9,th8,tcc1,tfx0,cbp11016,cpsm0,csm0,csa0,cld1 clamp=0x5 xyoff=(28672,29184) tex1=0x61 texa=(ta0=128,aem=0,ta1=128) test=0x31143 alpha=0x44 pabe=0 vrt=(29,5,4,128)	-	batch-c1
600	47176	2	31	-	batch-c1	-	-	-	-	-	-	-	-	rect=(293,377)-(293,377) fst=0 tme=1 abe=1 frame=fbp0,fbw8,psm0,fbmsk=0x00000000 tex=tbp0-11017,tbw8,psm20,tw9,th8,tcc1,tfx0,cbp11016,cpsm0,csm0,csa0,cld1 clamp=0x5 xyoff=(28672,29184) tex1=0x61 texa=(ta0=128,aem=0,ta1=128) test=0x31143 alpha=0x44 pabe=0 vrt=(29,5,4,128)	-	batch-c1
600	47176	2	32	-	batch-c1	-	-	-	-	-	-	-	-	rect=(296,378)-(304,387) fst=0 tme=1 abe=1 frame=fbp0,fbw8,psm0,fbmsk=0x00000000 tex=tbp0-11017,tbw8,psm20,tw9,th8,tcc1,tfx0,cbp11016,cpsm0,csm0,csa0,cld1 clamp=0x5 xyoff=(28672,29184) tex1=0x61 texa=(ta0=128,aem=0,ta1=128) test=0x31143 alpha=0x44 pabe=0 vrt=(29,5,4,128)	-	batch-c1
600	47176	2	33	-	batch-c1	-	-	-	-	-	-	-	-	rect=(305,378)-(306,387) fst=0 tme=1 abe=1 frame=fbp0,fbw8,psm0,fbmsk=0x00000000 tex=tbp0-11017,tbw8,psm20,tw9,th8,tcc1,tfx0,cbp11016,cpsm0,csm0,csa0,cld1 clamp=0x5 xyoff=(28672,29184) tex1=0x61 texa=(ta0=128,aem=0,ta1=128) test=0x31143 alpha=0x44 pabe=0 vrt=(29,5,4,128)	-	batch-c1
600	47176	2	34	-	batch-c1	-	-	-	-	-	-	-	-	rect=(309,381)-(315,389) fst=0 tme=1 abe=1 frame=fbp0,fbw8,psm0,fbmsk=0x00000000 tex=tbp0-11017,tbw8,psm20,tw9,th8,tcc1,tfx0,cbp11016,cpsm0,csm0,csa0,cld1 clamp=0x5 xyoff=(28672,29184) tex1=0x61 texa=(ta0=128,aem=0,ta1=128) test=0x31143 alpha=0x44 pabe=0 vrt=(29,5,4,128)	-	batch-c1
600	47176	2	35	-	batch-c1	-	-	-	-	-	-	-	-	rect=(318,378)-(324,387) fst=0 tme=1 abe=1 frame=fbp0,fbw8,psm0,fbmsk=0x00000000 tex=tbp0-11017,tbw8,psm20,tw9,th8,tcc1,tfx0,cbp11016,cpsm0,csm0,csa0,cld1 clamp=0x5 xyoff=(28672,29184) tex1=0x61 texa=(ta0=128,aem=0,ta1=128) test=0x31143 alpha=0x44 pabe=0 vrt=(29,5,4,128)	-	batch-c1
600	47176	2	36	-	batch-c1	-	-	-	-	-	-	-	-	rect=(327,378)-(331,387) fst=0 tme=1 abe=1 frame=fbp0,fbw8,psm0,fbmsk=0x00000000 tex=tbp0-11017,tbw8,psm20,tw9,th8,tcc1,tfx0,cbp11016,cpsm0,csm0,csa0,cld1 clamp=0x5 xyoff=(28672,29184) tex1=0x61 texa=(ta0=128,aem=0,ta1=128) test=0x31143 alpha=0x44 pabe=0 vrt=(29,5,4,128)	-	batch-c1
600	47176	2	37	-	batch-c1	-	-	-	-	-	-	-	-	rect=(332,381)-(337,387) fst=0 tme=1 abe=1 frame=fbp0,fbw8,psm0,fbmsk=0x00000000 tex=tbp0-11017,tbw8,psm20,tw9,th8,tcc1,tfx0,cbp11016,cpsm0,csm0,csa0,cld1 clamp=0x5 xyoff=(28672,29184) tex1=0x61 texa=(ta0=128,aem=0,ta1=128) test=0x31143 alpha=0x44 pabe=0 vrt=(29,5,4,128)	-	batch-c1
600	47176	2	38	-	batch-c1	-	-	-	-	-	-	-	-	rect=(339,377)-(339,377) fst=0 tme=1 abe=1 frame=fbp0,fbw8,psm0,fbmsk=0x00000000 tex=tbp0-11017,tbw8,psm20,tw9,th8,tcc1,tfx0,cbp11016,cpsm0,csm0,csa0,cld1 clamp=0x5 xyoff=(28672,29184) tex1=0x61 texa=(ta0=128,aem=0,ta1=128) test=0x31143 alpha=0x44 pabe=0 vrt=(29,5,4,128)	-	batch-c1
600	47176	2	39	-	batch-c1	-	-	-	-	-	-	-	-	rect=(343,378)-(350,387) fst=0 tme=1 abe=1 frame=fbp0,fbw8,psm0,fbmsk=0x00000000 tex=tbp0-11017,tbw8,psm20,tw9,th8,tcc1,tfx0,cbp11016,cpsm0,csm0,csa0,cld1 clamp=0x5 xyoff=(28672,29184) tex1=0x61 texa=(ta0=128,aem=0,ta1=128) test=0x31143 alpha=0x44 pabe=0 vrt=(29,5,4,128)	-	batch-c1
600	47176	2	39	A	c1-pixel	(343,378)	000bae74	50ddd1be	63353341	preF=(281.188,18.000) preI=(281,18) post=(281,18)	-	raw=0000000f nibble=f clut=23 texel=63808080	rgba-in=(29,5,4,99)	frame=fbp0,fbw8,psm0 tex=tbp0-11017,tbw8,psm20 test=0x31143 alpha=0x44	outcome=traced-write	traced-write
600	47176	2	40	-	batch-c1	-	-	-	-	-	-	-	-	rect=(352,381)-(358,387) fst=0 tme=1 abe=1 frame=fbp0,fbw8,psm0,fbmsk=0x00000000 tex=tbp0-11017,tbw8,psm20,tw9,th8,tcc1,tfx0,cbp11016,cpsm0,csm0,csa0,cld1 clamp=0x5 xyoff=(28672,29184) tex1=0x61 texa=(ta0=128,aem=0,ta1=128) test=0x31143 alpha=0x44 pabe=0 vrt=(29,5,4,128)	-	batch-c1
600	47176	2	41	-	batch-c1	-	-	-	-	-	-	-	-	rect=(361,381)-(366,387) fst=0 tme=1 abe=1 frame=fbp0,fbw8,psm0,fbmsk=0x00000000 tex=tbp0-11017,tbw8,psm20,tw9,th8,tcc1,tfx0,cbp11016,cpsm0,csm0,csa0,cld1 clamp=0x5 xyoff=(28672,29184) tex1=0x61 texa=(ta0=128,aem=0,ta1=128) test=0x31143 alpha=0x44 pabe=0 vrt=(29,5,4,128)	-	batch-c1
600	47176	2	42	-	batch-c1	-	-	-	-	-	-	-	-	rect=(369,381)-(375,387) fst=0 tme=1 abe=1 frame=fbp0,fbw8,psm0,fbmsk=0x00000000 tex=tbp0-11017,tbw8,psm20,tw9,th8,tcc1,tfx0,cbp11016,cpsm0,csm0,csa0,cld1 clamp=0x5 xyoff=(28672,29184) tex1=0x61 texa=(ta0=128,aem=0,ta1=128) test=0x31143 alpha=0x44 pabe=0 vrt=(29,5,4,128)	-	batch-c1
600	47176	2	42	B	c1-pixel	(369,381)	000bbe8c	52e0d5c2	1faaa29a	preF=(491.214,2.071) preI=(491,2) post=(491,2)	-	raw=00000009 nibble=9 clut=17 texel=1f808080	rgba-in=(29,5,4,31)	frame=fbp0,fbw8,psm0 tex=tbp0-11017,tbw8,psm20 test=0x31143 alpha=0x44	outcome=traced-write	traced-write
600	47176	2	43	-	batch-c1	-	-	-	-	-	-	-	-	rect=(378,381)-(380,387) fst=0 tme=1 abe=1 frame=fbp0,fbw8,psm0,fbmsk=0x00000000 tex=tbp0-11017,tbw8,psm20,tw9,th8,tcc1,tfx0,cbp11016,cpsm0,csm0,csa0,cld1 clamp=0x5 xyoff=(28672,29184) tex1=0x61 texa=(ta0=128,aem=0,ta1=128) test=0x31143 alpha=0x44 pabe=0 vrt=(29,5,4,128)	-	batch-c1
600	47176	2	44	-	batch-c1	-	-	-	-	-	-	-	-	rect=(382,381)-(390,387) fst=0 tme=1 abe=1 frame=fbp0,fbw8,psm0,fbmsk=0x00000000 tex=tbp0-11017,tbw8,psm20,tw9,th8,tcc1,tfx0,cbp11016,cpsm0,csm0,csa0,cld1 clamp=0x5 xyoff=(28672,29184) tex1=0x61 texa=(ta0=128,aem=0,ta1=128) test=0x31143 alpha=0x44 pabe=0 vrt=(29,5,4,128)	-	batch-c1
600	47176	2	44	C	c1-pixel	(382,381)	000bbfb8	52e5d9c3	70201f31	preF=(377.056,2.071) preI=(377,2) post=(377,2)	-	raw=0000000f nibble=f clut=23 texel=70808080	rgba-in=(29,5,4,112)	frame=fbp0,fbw8,psm0 tex=tbp0-11017,tbw8,psm20 test=0x31143 alpha=0x44	outcome=traced-write	traced-write
600	47176	2	45	-	batch-c1	-	-	-	-	-	-	-	-	rect=(391,381)-(398,387) fst=0 tme=1 abe=1 frame=fbp0,fbw8,psm0,fbmsk=0x00000000 tex=tbp0-11017,tbw8,psm20,tw9,th8,tcc1,tfx0,cbp11016,cpsm0,csm0,csa0,cld1 clamp=0x5 xyoff=(28672,29184) tex1=0x61 texa=(ta0=128,aem=0,ta1=128) test=0x31143 alpha=0x44 pabe=0 vrt=(29,5,4,128)	-	batch-c1
600	47176	2	46	-	batch-c1	-	-	-	-	-	-	-	-	rect=(401,378)-(407,387) fst=0 tme=1 abe=1 frame=fbp0,fbw8,psm0,fbmsk=0x00000000 tex=tbp0-11017,tbw8,psm20,tw9,th8,tcc1,tfx0,cbp11016,cpsm0,csm0,csa0,cld1 clamp=0x5 xyoff=(28672,29184) tex1=0x61 texa=(ta0=128,aem=0,ta1=128) test=0x31143 alpha=0x44 pabe=0 vrt=(29,5,4,128)	-	batch-c1
600	47176	2	46	D	c1-pixel	(407,378)	000bce74	50ede2ce	574e4b55	preF=(497.786,39.000) preI=(497,39) post=(497,39)	-	raw=0000000f nibble=f clut=23 texel=57808080	rgba-in=(29,5,4,87)	frame=fbp0,fbw8,psm0 tex=tbp0-11017,tbw8,psm20 test=0x31143 alpha=0x44	outcome=traced-write	traced-write
600	47176	2	47	-	batch-c1	-	-	-	-	-	-	-	-	rect=(410,387)-(411,387) fst=0 tme=1 abe=1 frame=fbp0,fbw8,psm0,fbmsk=0x00000000 tex=tbp0-11017,tbw8,psm20,tw9,th8,tcc1,tfx0,cbp11016,cpsm0,csm0,csa0,cld1 clamp=0x5 xyoff=(28672,29184) tex1=0x61 texa=(ta0=128,aem=0,ta1=128) test=0x31143 alpha=0x44 pabe=0 vrt=(29,5,4,128)	-	batch-c1
601	47240	3	0	-	batch-carrier	-	-	-	-	-	-	-	-	rect=(0,0)-(30,445) fst=1 tme=1 abe=0 frame=fbp112,fbw8,psm1,fbmsk=0xff000000 tex=tbp0-0,tbw8,psm0,tw10,th9,tcc0,tfx0,cbp0,cpsm0,csm0,csa0,cld0 clamp=0x5 xyoff=(28672,29184) tex1=0x61 texa=(ta0=128,aem=0,ta1=128) test=0x30000 alpha=0x8000000064 pabe=0 vrt=(128,128,128,128)	-	batch-carrier
601	47240	3	1	-	batch-carrier	-	-	-	-	-	-	-	-	rect=(31,0)-(62,445) fst=1 tme=1 abe=0 frame=fbp112,fbw8,psm1,fbmsk=0xff000000 tex=tbp0-0,tbw8,psm0,tw10,th9,tcc0,tfx0,cbp0,cpsm0,csm0,csa0,cld0 clamp=0x5 xyoff=(28672,29184) tex1=0x61 texa=(ta0=128,aem=0,ta1=128) test=0x30000 alpha=0x8000000064 pabe=0 vrt=(128,128,128,128)	-	batch-carrier
601	47240	3	2	-	batch-carrier	-	-	-	-	-	-	-	-	rect=(63,0)-(94,445) fst=1 tme=1 abe=0 frame=fbp112,fbw8,psm1,fbmsk=0xff000000 tex=tbp0-0,tbw8,psm0,tw10,th9,tcc0,tfx0,cbp0,cpsm0,csm0,csa0,cld0 clamp=0x5 xyoff=(28672,29184) tex1=0x61 texa=(ta0=128,aem=0,ta1=128) test=0x30000 alpha=0x8000000064 pabe=0 vrt=(128,128,128,128)	-	batch-carrier
601	47240	3	3	-	batch-carrier	-	-	-	-	-	-	-	-	rect=(95,0)-(126,445) fst=1 tme=1 abe=0 frame=fbp112,fbw8,psm1,fbmsk=0xff000000 tex=tbp0-0,tbw8,psm0,tw10,th9,tcc0,tfx0,cbp0,cpsm0,csm0,csa0,cld0 clamp=0x5 xyoff=(28672,29184) tex1=0x61 texa=(ta0=128,aem=0,ta1=128) test=0x30000 alpha=0x8000000064 pabe=0 vrt=(128,128,128,128)	-	batch-carrier
601	47240	3	4	-	batch-carrier	-	-	-	-	-	-	-	-	rect=(127,0)-(158,445) fst=1 tme=1 abe=0 frame=fbp112,fbw8,psm1,fbmsk=0xff000000 tex=tbp0-0,tbw8,psm0,tw10,th9,tcc0,tfx0,cbp0,cpsm0,csm0,csa0,cld0 clamp=0x5 xyoff=(28672,29184) tex1=0x61 texa=(ta0=128,aem=0,ta1=128) test=0x30000 alpha=0x8000000064 pabe=0 vrt=(128,128,128,128)	-	batch-carrier
601	47240	3	5	-	batch-carrier	-	-	-	-	-	-	-	-	rect=(159,0)-(190,445) fst=1 tme=1 abe=0 frame=fbp112,fbw8,psm1,fbmsk=0xff000000 tex=tbp0-0,tbw8,psm0,tw10,th9,tcc0,tfx0,cbp0,cpsm0,csm0,csa0,cld0 clamp=0x5 xyoff=(28672,29184) tex1=0x61 texa=(ta0=128,aem=0,ta1=128) test=0x30000 alpha=0x8000000064 pabe=0 vrt=(128,128,128,128)	-	batch-carrier
601	47240	3	6	-	batch-carrier	-	-	-	-	-	-	-	-	rect=(191,0)-(222,445) fst=1 tme=1 abe=0 frame=fbp112,fbw8,psm1,fbmsk=0xff000000 tex=tbp0-0,tbw8,psm0,tw10,th9,tcc0,tfx0,cbp0,cpsm0,csm0,csa0,cld0 clamp=0x5 xyoff=(28672,29184) tex1=0x61 texa=(ta0=128,aem=0,ta1=128) test=0x30000 alpha=0x8000000064 pabe=0 vrt=(128,128,128,128)	-	batch-carrier
601	47240	3	7	-	batch-carrier	-	-	-	-	-	-	-	-	rect=(223,0)-(254,445) fst=1 tme=1 abe=0 frame=fbp112,fbw8,psm1,fbmsk=0xff000000 tex=tbp0-0,tbw8,psm0,tw10,th9,tcc0,tfx0,cbp0,cpsm0,csm0,csa0,cld0 clamp=0x5 xyoff=(28672,29184) tex1=0x61 texa=(ta0=128,aem=0,ta1=128) test=0x30000 alpha=0x8000000064 pabe=0 vrt=(128,128,128,128)	-	batch-carrier
601	47240	3	8	-	batch-carrier	-	-	-	-	-	-	-	-	rect=(255,0)-(286,445) fst=1 tme=1 abe=0 frame=fbp112,fbw8,psm1,fbmsk=0xff000000 tex=tbp0-0,tbw8,psm0,tw10,th9,tcc0,tfx0,cbp0,cpsm0,csm0,csa0,cld0 clamp=0x5 xyoff=(28672,29184) tex1=0x61 texa=(ta0=128,aem=0,ta1=128) test=0x30000 alpha=0x8000000064 pabe=0 vrt=(128,128,128,128)	-	batch-carrier
601	47240	3	9	-	batch-carrier	-	-	-	-	-	-	-	-	rect=(287,0)-(318,445) fst=1 tme=1 abe=0 frame=fbp112,fbw8,psm1,fbmsk=0xff000000 tex=tbp0-0,tbw8,psm0,tw10,th9,tcc0,tfx0,cbp0,cpsm0,csm0,csa0,cld0 clamp=0x5 xyoff=(28672,29184) tex1=0x61 texa=(ta0=128,aem=0,ta1=128) test=0x30000 alpha=0x8000000064 pabe=0 vrt=(128,128,128,128)	-	batch-carrier
601	47240	3	10	-	batch-carrier	-	-	-	-	-	-	-	-	rect=(319,0)-(350,445) fst=1 tme=1 abe=0 frame=fbp112,fbw8,psm1,fbmsk=0xff000000 tex=tbp0-0,tbw8,psm0,tw10,th9,tcc0,tfx0,cbp0,cpsm0,csm0,csa0,cld0 clamp=0x5 xyoff=(28672,29184) tex1=0x61 texa=(ta0=128,aem=0,ta1=128) test=0x30000 alpha=0x8000000064 pabe=0 vrt=(128,128,128,128)	-	batch-carrier
601	47240	3	10	A	carrier-pixel	(342,377)	0019ae38	00353341	00353341	interpF=(343.500,378.500) quantF=(343.5000,378.5000) preI=(343,378) postSingle=(343,378)	pre=(343,378);(344,378);(343,379);(344,379) post=(343,378);(344,378);(343,379);(344,379)	addrs=(000bae74,000baf40,000bae7c,000baf48) words=(63353341,66302e3d,8004051d,8004051d) rgba=(63353341,66302e3d,8004051d,8004051d) hitTap=0 want=(343,378)	texel=63353341 fx=0.0000 fy=0.0000	clamp=0x5 wrapUV=(1,1) regionU=(0,0) regionV=(0,0) xyoff=(28672,29184) tex0=(tbp0=0,tbw=8,psm=0,tw=10,th=9,tcc=0,tfx=0,cbp=0,cpsm=0,csm=0,csa=0,cld=0) texWH=(1024,512) lin=1 tex1=0x61 texa=(ta0=128,aem=0,ta1=128) frame=(fbp=112,fbw=8,psm=1,fbmsk=0xff000000) alpha=0x8000000064 abe=0 pabe=0 vrt=(128,128,128,128) rgba-in=(65,51,53,128) z=0	test=0x30000 write=accepted-write-same-unknown	B-blocked-or-same
601	47240	3	11	-	batch-carrier	-	-	-	-	-	-	-	-	rect=(351,0)-(382,445) fst=1 tme=1 abe=0 frame=fbp112,fbw8,psm1,fbmsk=0xff000000 tex=tbp0-0,tbw8,psm0,tw10,th9,tcc0,tfx0,cbp0,cpsm0,csm0,csa0,cld0 clamp=0x5 xyoff=(28672,29184) tex1=0x61 texa=(ta0=128,aem=0,ta1=128) test=0x30000 alpha=0x8000000064 pabe=0 vrt=(128,128,128,128)	-	batch-carrier
601	47240	3	11	B	carrier-pixel	(368,380)	0019be80	00aaa29a	00aaa29a	interpF=(369.500,381.500) quantF=(369.5000,381.5000) preI=(369,381) postSingle=(369,381)	pre=(369,381);(370,381);(369,382);(370,382) post=(369,381);(370,381);(369,382);(370,382)	addrs=(000bbe8c,000bbe98,000bbec4,000bbed0) words=(1faaa29a,79101026,692b2a3a,7d090920) rgba=(1faaa29a,79101026,692b2a3a,7d090920) hitTap=0 want=(369,381)	texel=1faaa29a fx=0.0000 fy=0.0000	clamp=0x5 wrapUV=(1,1) regionU=(0,0) regionV=(0,0) xyoff=(28672,29184) tex0=(tbp0=0,tbw=8,psm=0,tw=10,th=9,tcc=0,tfx=0,cbp=0,cpsm=0,csm=0,csa=0,cld=0) texWH=(1024,512) lin=1 tex1=0x61 texa=(ta0=128,aem=0,ta1=128) frame=(fbp=112,fbw=8,psm=1,fbmsk=0xff000000) alpha=0x8000000064 abe=0 pabe=0 vrt=(128,128,128,128) rgba-in=(154,162,170,128) z=0	test=0x30000 write=accepted-write-same-unknown	B-blocked-or-same
601	47240	3	11	C	carrier-pixel	(381,380)	0019bfa4	00201f31	00201f31	interpF=(382.500,381.500) quantF=(382.5000,381.5000) preI=(382,381) postSingle=(382,381)	pre=(382,381);(383,381);(382,382);(383,382) post=(382,381);(383,381);(382,382);(383,382)	addrs=(000bbfb8,000bbfbc,000bbff0,000bbff4) words=(70201f31,554f4c54,49646064,8004051d) rgba=(70201f31,554f4c54,49646064,8004051d) hitTap=0 want=(382,381)	texel=70201f31 fx=0.0000 fy=0.0000	clamp=0x5 wrapUV=(1,1) regionU=(0,0) regionV=(0,0) xyoff=(28672,29184) tex0=(tbp0=0,tbw=8,psm=0,tw=10,th=9,tcc=0,tfx=0,cbp=0,cpsm=0,csm=0,csa=0,cld=0) texWH=(1024,512) lin=1 tex1=0x61 texa=(ta0=128,aem=0,ta1=128) frame=(fbp=112,fbw=8,psm=1,fbmsk=0xff000000) alpha=0x8000000064 abe=0 pabe=0 vrt=(128,128,128,128) rgba-in=(49,31,32,128) z=0	test=0x30000 write=accepted-write-same-unknown	B-blocked-or-same
601	47240	3	12	-	batch-carrier	-	-	-	-	-	-	-	-	rect=(383,0)-(414,445) fst=1 tme=1 abe=0 frame=fbp112,fbw8,psm1,fbmsk=0xff000000 tex=tbp0-0,tbw8,psm0,tw10,th9,tcc0,tfx0,cbp0,cpsm0,csm0,csa0,cld0 clamp=0x5 xyoff=(28672,29184) tex1=0x61 texa=(ta0=128,aem=0,ta1=128) test=0x30000 alpha=0x8000000064 pabe=0 vrt=(128,128,128,128)	-	batch-carrier
601	47240	3	12	D	carrier-pixel	(406,377)	0019ce38	004e4b55	004e4b55	interpF=(407.500,378.500) quantF=(407.5000,378.5000) preI=(407,378) postSingle=(407,378)	pre=(407,378);(408,378);(407,379);(408,379) post=(407,378);(408,378);(407,379);(408,379)	addrs=(000bce74,000bcf40,000bce7c,000bcf48) words=(574e4b55,50ece0cb,7b0d0d23,51ebe0cb) rgba=(574e4b55,50ece0cb,7b0d0d23,51ebe0cb) hitTap=0 want=(407,378)	texel=574e4b55 fx=0.0000 fy=0.0000	clamp=0x5 wrapUV=(1,1) regionU=(0,0) regionV=(0,0) xyoff=(28672,29184) tex0=(tbp0=0,tbw=8,psm=0,tw=10,th=9,tcc=0,tfx=0,cbp=0,cpsm=0,csm=0,csa=0,cld=0) texWH=(1024,512) lin=1 tex1=0x61 texa=(ta0=128,aem=0,ta1=128) frame=(fbp=112,fbw=8,psm=1,fbmsk=0xff000000) alpha=0x8000000064 abe=0 pabe=0 vrt=(128,128,128,128) rgba-in=(85,75,78,128) z=0	test=0x30000 write=accepted-write-same-unknown	B-blocked-or-same
601	47240	3	13	-	batch-carrier	-	-	-	-	-	-	-	-	rect=(415,0)-(446,445) fst=1 tme=1 abe=0 frame=fbp112,fbw8,psm1,fbmsk=0xff000000 tex=tbp0-0,tbw8,psm0,tw10,th9,tcc0,tfx0,cbp0,cpsm0,csm0,csa0,cld0 clamp=0x5 xyoff=(28672,29184) tex1=0x61 texa=(ta0=128,aem=0,ta1=128) test=0x30000 alpha=0x8000000064 pabe=0 vrt=(128,128,128,128)	-	batch-carrier
601	47240	3	14	-	batch-carrier	-	-	-	-	-	-	-	-	rect=(447,0)-(478,445) fst=1 tme=1 abe=0 frame=fbp112,fbw8,psm1,fbmsk=0xff000000 tex=tbp0-0,tbw8,psm0,tw10,th9,tcc0,tfx0,cbp0,cpsm0,csm0,csa0,cld0 clamp=0x5 xyoff=(28672,29184) tex1=0x61 texa=(ta0=128,aem=0,ta1=128) test=0x30000 alpha=0x8000000064 pabe=0 vrt=(128,128,128,128)	-	batch-carrier
601	47240	3	15	-	batch-carrier	-	-	-	-	-	-	-	-	rect=(479,0)-(510,445) fst=1 tme=1 abe=0 frame=fbp112,fbw8,psm1,fbmsk=0xff000000 tex=tbp0-0,tbw8,psm0,tw10,th9,tcc0,tfx0,cbp0,cpsm0,csm0,csa0,cld0 clamp=0x5 xyoff=(28672,29184) tex1=0x61 texa=(ta0=128,aem=0,ta1=128) test=0x30000 alpha=0x8000000064 pabe=0 vrt=(128,128,128,128)	-	batch-carrier
601	47240	3	16	-	batch-carrier	-	-	-	-	-	-	-	-	rect=(0,446)-(511,446) fst=1 tme=1 abe=0 frame=fbp112,fbw8,psm1,fbmsk=0xff000000 tex=tbp0-0,tbw8,psm0,tw10,th9,tcc0,tfx0,cbp0,cpsm0,csm0,csa0,cld0 clamp=0x5 xyoff=(28672,29184) tex1=0x61 texa=(ta0=128,aem=0,ta1=128) test=0x30000 alpha=0x8000000064 pabe=0 vrt=(128,128,128,128)	-	batch-carrier
