au2_center_s,lag_from_base_frames,lag_from_base_ms,ncc
8.775,0.042527640767143965,0.001181323354642888,0.9742877960032973
8.8,0.12382067459430744,0.003439463183175207,0.9794296735103631
8.825,0.21347660283768438,0.005929905634380121,0.9813865744987481
8.85,0.22493581377738112,0.006248217049371698,0.9780536869482158
8.875,0.1999287273108507,0.0055535757586347425,0.9849858362151958
8.9,0.1719843441421851,0.004777342892838475,0.9684686109432419
8.925,0.17763100790727934,0.004934194664091093,0.9455337696220176
8.95,0.2202013232770804,0.006116703424363344,0.9729998330895189
8.975,-0.07101118108749441,-0.001972532807985956,0.9821402361190716
9.0,-0.23283569165005466,-0.006467658101390407,0.9822816446103545
9.025,0.20347482462318392,0.005652078461755109,0.9833017658162803
9.05,0.23111668142484557,0.006419907817356821,0.9853470681566118
9.075,-0.0014843849330933182,-4.1232914808147726e-05,0.988121170318945
9.1,-0.14993345533471317,-0.004164818203742033,0.990482790626093
9.125,0.1273088061345838,0.0035363557259606615,0.9686148665307741
9.15,0.2202834330888163,0.006118984252467119,0.9369448853206532
9.175,0.24797459833830268,0.0068881832871750745,0.9535999958767906
9.2,0.24938465134656368,0.0069273514262934354,0.9867875790376208
9.225,0.21327916856272333,0.005924421348964537,0.9942952801884511
9.25,0.05205205558770934,0.0014458904329919262,0.9916985692000271
9.275,0.24390824512256562,0.0067752290311823785,0.9818433496417726
9.3,0.269738972093002,0.0074927492248056116,0.9851401408942315
9.325,0.02745407510971978,0.0007626131974922161,0.9731236201957485
9.35,-0.08767183607162637,-0.002435328779767399,0.969165879534242
9.375,0.1422563694051768,0.003951565816810466,0.964336911673879
9.4,0.10970377653760675,0.003047327126044632,0.9220345746874168
9.425,0.09563617398499175,0.002656560388471993,0.9654572304504893
9.45,0.2612538726251525,0.007257052017365347,0.9894643535667208
9.475,0.2555252215170599,0.007097922819918331,0.9839788228822217
9.5,0.2663787197943287,0.007399408883175797,0.9816554521906007
9.525,0.2687974674039302,0.007466596316775838,0.9844110382595535
9.55,0.11637038102649443,0.0032325105840692895,0.9726719251068051
9.575,-0.4989411554509473,-0.013859476540304092,0.9672321521881758
9.6,0.22290362224529303,0.006191767284591474,0.9967028005010824
9.625,0.13817834720795863,0.0038382874224432953,0.9800909966460635
9.65,0.13351886718464023,0.0037088574217955623,0.967830125872676
9.675,0.12777232067763286,0.003549231129934246,0.9775890391594253
9.7,0.22589803816392803,0.006274945504553556,0.9877357640714982
9.725,0.16823952472738984,0.004673320131316384,0.9500027911930535
9.75,0.21797501558262877,0.00605486154396191,0.9543524795231931
9.775,0.20598484039483195,0.005721801122078665,0.9718434826713076
9.8,0.10479043235843821,0.0029108453432899503,0.9776276558627335
9.825,0.02531538315645296,0.0007032050876792489,0.9746126243076413
9.85,0.05528718320809983,0.0015357550891138842,0.9589303490150829
9.875,0.16352763429985895,0.004542434286107193,0.9559095362721243
9.9,0.20531951948229016,0.0057033199856191714,0.9697639541163078
9.925,0.06133641689065242,0.0017037893580736782,0.9849262522488
9.95,-0.4640511711698204,-0.012890310310272789,0.9789535709592032
9.975,-0.25715972153881383,-0.007143325598300384,0.9836650147497449
10.0,-0.20780053238592264,-0.005772237010720074,0.9828367295767725
10.025,0.01732806072840274,0.00048133502023340946,0.9825723020087955
10.05,0.1036347654846341,0.0028787434856842806,0.9812218656589391
10.075,0.08059290805912316,0.002238691890531199,0.9711682742122083
10.1,0.22604434643765522,0.006279009623268201,0.967359663294647
10.125,0.24326800035831464,0.006757444454397629,0.9611773047895229
10.15,0.26088467710979574,0.007246796586383215,0.964993322753133
10.175,0.2301769150138199,0.0063938031948283305,0.9867893257984144
10.2,0.16415897236888433,0.004559971454691231,0.9901210116125111
10.225,0.13642359852698485,0.0037895444035273567,0.9877596856439543
10.25,0.09354383196501459,0.002598439776805961,0.9813156740063029
10.275,0.10056174139573347,0.0027933817054370405,0.9716444826824048
10.3,0.10359846699945131,0.0028777351944292034,0.9704312326371796
10.325,0.15077326861727558,0.004188146350479877,0.97391702764359
10.35,0.2021914282190569,0.005616428561640469,0.9782374200430787
10.375,0.22851401447053754,0.0063476115130704875,0.981369479245786
10.4,0.20797627635606886,0.00577711878766858,0.9829820483524065
10.425,-0.1696941272648637,-0.004713725757357325,0.9786208879302725
10.45,-0.28534683374754344,-0.007926300937431761,0.9767401168180024
10.475,-0.3559817298462314,-0.009888381384617537,0.9731398330106616
10.5,-1.1222681478458654,-0.031174115217940702,0.9554458576664286
10.525,-1.0266802215734698,-0.0285188950437075,0.9672078023888768
10.55,-0.7308638060021977,-0.020301772388949934,0.9530980510763377
10.575,0.13329746845838913,0.0037027074571774764,0.9522351900940879
10.6,0.20800096170211585,0.005777804491725441,0.9747796999587739
10.625,0.23113333503862,0.0064203704177394445,0.9751205592746361
10.65,-0.16090515004595346,-0.004469587501276485,0.9584251621805533
10.675,-0.28881341429089713,-0.00802259484141381,0.9746705372205718
10.7,0.1192526241816842,0.003312572893935672,0.9881777107481752
10.725,-0.1627411147488909,-0.004520586520802525,0.9627836697687111
10.75,-0.02999505727602125,-0.0008331960354450347,0.9630376016855844
10.775,0.17460017372542805,0.004850004825706335,0.9804477590739946
10.8,0.23233102591137833,0.006453639608649398,0.9844454599066748
10.825,0.217150822613088,0.006031967294808,0.9826322836725124
10.85,0.23688790241051544,0.006580219511403206,0.9849880151395837
10.875,0.26094412627216707,0.007248447952004641,0.9831852278651535
10.9,0.09190287767035409,0.0025528577130653914,0.9874724721452274
10.925,0.2613466207976008,0.007259628355488911,0.9861456764721754
10.95,0.11036973030964524,0.0030658258419345896,0.9120313618206934
10.975,0.012149458461900799,0.0003374849572750222,0.9468128262877125
11.0,0.13863896791847774,0.003851082442179937,0.9954920569082255
11.025,-0.010575357770696802,-0.0002937599380749112,0.993368108508958
11.05,0.2421830022799265,0.006727305618886847,0.9624109066053719
11.075,0.2412631096940871,0.006701753047057975,0.9491136390069009
11.1,0.2398809071748476,0.006663358532634655,0.9696904736964589
11.125,0.2479056197812767,0.006886267216146575,0.9922545045335988
11.15,0.23718684269515675,0.006588523408198798,0.9955395862950805
11.175,0.24004299210880048,0.006667860891911125,0.9892916908816304
11.2,0.27211872555844774,0.00755885348773466,0.9922818337847837
11.225,-0.059327398128329226,-0.0016479832813424786,0.985700919846656
11.25,-1.077247589102442,-0.0299235441417345,0.9853013504897921
11.275,-0.4390438043337933,-0.01219566123149426,0.9927025882620584
11.3,0.11102505595721401,0.0030840293321448336,0.9911200842615561
11.325,0.1747693313133301,0.004854703647592502,0.9927088665506406
11.35,0.1218822633633809,0.0033856184267605804,0.9892789117372903
11.375,-0.28498472385708273,-0.007916242329363408,0.9880040909905252
11.4,0.028420927427036925,0.0007894702063065813,0.9801993432986383
11.425,0.22153753179641425,0.006153820327678174,0.9631055285486358
11.45,0.250257010942643,0.00695158363729564,0.9739828651304281
11.475,0.22981540714177384,0.006383761309493718,0.9899416156106279
11.5,-0.38533618443370443,-0.010703782900936234,0.97421039522263
11.525,-2.4498987747887346,-0.06805274374413152,0.9489827826627583
11.55,0.026193472891740743,0.0007275964692150206,0.947554636917117
11.575,0.09144504673628791,0.0025401401871191086,0.9768756569399388
11.6,-0.1285155864138611,-0.00356987740038503,0.9870825910653966
11.625,0.2917358272903057,0.008103772980286271,0.9956547115611929
11.65,0.24437325045946964,0.0067881458460963785,0.9827336517221438
11.675,0.2060686093655202,0.005724128037931117,0.9652043664506263
11.7,0.1799883040517917,0.004999675112549769,0.9829459913578832
11.725,0.046738308271641237,0.0012982863408789232,0.9894735769592202
11.75,-0.6583685179351054,-0.01828801438708626,0.9660579162005807
11.775,0.06783126631472822,0.0018842018420757837,0.9627913277313512
11.8,0.15613879946284764,0.0043371888739679905,0.9731093458689641
11.825,0.17719580913732222,0.004922105809370062,0.978523530079619
11.85,0.05209506659791622,0.0014470851832754507,0.9850795872574556
11.875,-0.19435902160277985,-0.005398861711188329,0.9761176020488066
11.9,-0.3398120286682374,-0.00943922301856215,0.9744372995227197
11.925,-1.0473225892025755,-0.029092294144515987,0.95594737143081
11.95,-0.21204947168749322,-0.005890263102430368,0.962443572539872
11.975,0.1075711534854179,0.002988087596817164,0.9793841282233475
12.0,0.1511466387115957,0.00419851774198877,0.9797716515844391
12.025,0.22100325261685383,0.006138979239357051,0.9176461548094479
12.05,0.23227411207764584,0.006452058668823496,0.9196218584697735
12.075,0.23946307167904315,0.006651751991084532,0.9796363191946056
12.1,-0.14912138635233452,-0.004142260732009293,0.9690374527491751
12.125,-2.412949936561447,-0.06702638712670686,0.9596368287713503
12.15,-1.4714738148597355,-0.04087427263499265,0.9665988627497242
12.175,0.048772370445822784,0.0013547880679395218,0.96939398422639
12.2,0.05422753459700939,0.001506320405472483,0.9554903302866921
12.225,0.061689004306460966,0.001713583452957249,0.9631837813943721
12.25,0.167459565444568,0.004651654595682444,0.9646780619844704
12.275,0.21469403473116971,0.005963723186976936,0.9620734324633373
12.3,0.2612754855982234,0.007257652377728427,0.9865615717656273
12.325,0.2741238787912264,0.007614552188645178,0.9968220851815535
12.35,0.26592592074528904,0.007386831131813584,0.9982404889779551
12.375,0.20812565548775788,0.0057812682079932745,0.9955368911701176
12.4,0.20819931012158133,0.005783314170043926,0.9956909548259912
12.425,0.21163223955825217,0.00587867332106256,0.9975099096523016
12.45,0.1860415205909665,0.005167820016415737,0.9927161689049426
12.475,0.2606418291982867,0.00724005081106352,0.9807548110868878
12.5,0.2373347899188162,0.00659263305330045,0.9695096453802516
12.525,0.22318262399541636,0.0061995173332060095,0.978707115493302
12.55,0.1482972954499623,0.004119369318054509,0.9805540647034973
12.575,-0.32518988370210855,-0.00903305232505857,0.9737960043665574
12.6,-0.09544084605420822,-0.002651134612616895,0.9841587563203352
12.625,0.23785028636738545,0.00660695239909404,0.9943980047752793
12.65,0.2193297028240037,0.006092491745111214,0.985349640596582
12.675,0.20897238529737602,0.0058047884804826675,0.9652930528045277
12.7,0.19063328108058863,0.00529536891890524,0.9677873136823851
12.725,0.1289022745927974,0.0035806187386888165,0.9877622404231746
12.75,0.17461936061634373,0.004850537794898437,0.9784196579768303
12.775,0.10578728755526208,0.002938535765423947,0.9559406102573783
12.8,-0.3074964832095874,-0.008541568978044095,0.9745830063058744
12.825,-0.17360676212263898,-0.004822410058962194,0.9903231288690421
12.85,0.13303028892244423,0.0036952858034012288,0.9821874058669627
12.875,0.1933609718095581,0.005371138105821058,0.9830934493056501
12.9,0.11566854579624843,0.0032130151610069006,0.9848086920548033
12.925,-0.4991649929734525,-0.01386569424926257,0.9896284063374733
12.95,0.13470553995343085,0.003741820554261968,0.9907080317574437
12.975,0.21298042894665845,0.0059161230262960674,0.9801447300690753
13.0,0.23588389232380377,0.0065523303423278825,0.9748646144901056
13.025,0.2476546405722969,0.006879295571452692,0.9770788546713525
13.05,0.13460800241421406,0.003739111178172613,0.9777620063371826
13.075,-0.013224139130162479,-0.00036733719806006886,0.9835076465900954
13.1,0.26055797775881534,0.007237721604411537,0.9951279395718418
13.125,0.23514128734225653,0.006531702426173793,0.9748196011932394
13.15,0.21303170825455275,0.005917547451515355,0.9689868435363945
13.175,0.1483191698939944,0.004119976941499844,0.9934683498200526
13.2,0.19867710692033327,0.005518808525564813,0.9938474182288636
13.225,0.139652080654399,0.003879224462622194,0.9536473235659403
13.25,0.13249573157274236,0.0036804369881317323,0.956197811396005
13.275,0.18668961857388736,0.005185822738163538,0.9907278436424626
13.3,0.2350892393757119,0.006530256649325331,0.9932140352924221
13.325,0.2761164230627045,0.00766990064063068,0.9872695930115292
13.35,0.2763241565810641,0.007675671016140669,0.9810636044879636
13.375,0.2181483119671227,0.0060596753324200755,0.9703642485875856
13.4,-7.424053327879711,-0.2062237035522142,0.9394688997123039
13.425,-6.813177497436043,-0.18925493048433453,0.9455849853095984
13.45,-0.8021422233379543,-0.022281728426054286,0.9787685753881645
13.475,0.11632129723547226,0.003231147145429785,0.9944396633467987
13.5,0.12498423563858028,0.0034717843232938968,0.9951060953119862
13.525,0.2586494764094615,0.007184707678040597,0.9980423542610153
13.55,0.056455415861423636,0.0015682059961506566,0.9787318674648642
13.575,0.047798422682842734,0.001327733963412298,0.9393876712012408
13.6,0.1267687301143413,0.0035213536142872587,0.9552779664718593
13.625,0.17020898294184958,0.004728027303940265,0.9762300138923388
13.65,0.16008277826119546,0.004446743840588763,0.9823535675500055
13.675,0.10537476350952116,0.0029270767641533654,0.9908153096197814
13.7,0.15407762779018247,0.004279934105282847,0.9642365288568638
13.725,0.16184586608590218,0.004495718502386172,0.9705189066341948
13.75,0.13535097997655512,0.0037597494437931977,0.9859032930161448
13.775,-0.13119073992240735,-0.0036441872200668707,0.986424446342804
13.8,-0.3418843705741606,-0.009496788071504461,0.9845184195066757
13.825,-1.499898336293252,-0.04166384267481255,0.9698029552944812
13.85,-0.8752746441434089,-0.02431318455953914,0.9785469298530917
13.875,-0.35689053817485306,-0.009913626060412585,0.9756076882059533
13.9,-0.13792552479819048,-0.0038312645777275134,0.9764825191329762
13.925,0.1337373068173326,0.0037149251893703493,0.969237540379194
13.95,0.2204436402220999,0.006123434450613886,0.9523826248487091
13.975,0.24416127120232203,0.0067822575333978345,0.9520537205289322
14.0,0.2547431341723432,0.0070761981714539774,0.9585809859065759
14.025,-0.03910098837066604,-0.0010861385658518345,0.975206999909126
14.05,-1.376881056269245,-0.038246696007479035,0.9548727783215953
14.075,-0.39971275448536986,-0.011103132069038053,0.9662580835919191
14.1,0.09347981445938079,0.0025966615127605776,0.9717765612940208
14.125,0.07075124245709614,0.0019653122904748927,0.9429992983674257
14.15,0.07469463307548906,0.002074850918763585,0.961170480661459
14.175,0.2019519505895882,0.005609776405266339,0.971139263312221
14.2,0.21675292067758434,0.006020914463266231,0.9506326780840388
14.225,0.2259717647009549,0.006276993463915414,0.9490428032946859
14.25,0.18294396059252166,0.005081776683125602,0.9640030577419284
14.275,0.03616512552302106,0.0010045868200839183,0.9790673543135846
14.3,-0.1812774721624066,-0.005035485337844628,0.9676952435350764
14.325,-0.2528277774422097,-0.0070229938178391575,0.9624087658751775
14.35,-0.6887517312649825,-0.019131992535138403,0.9534763929736854
14.375,-1.005529746712013,-0.027931381853111472,0.9564849750435614
14.4,0.07474940693095229,0.0020763724147486746,0.9636851210534757
14.425,0.20950409252921393,0.005819558125811498,0.9644725373818884
14.45,0.2306914309809407,0.00640809530502613,0.971293092182699
14.475,0.24087720199372467,0.006691033388714574,0.9825513363558753
14.5,-0.08889128199789452,-0.002469202277719292,0.9786210968961542
14.525,-0.03973405309656801,-0.0011037236971268892,0.9851626428972247
14.55,0.1913017648114899,0.0053139379114302745,0.991741256787496
14.575,0.0947607231144792,0.002632242308735533,0.9825798578961766
14.6,0.13814953957390366,0.003837487210386213,0.9788742799373605
14.625,0.213771343900307,0.0059380928861196385,0.9816758214158273
14.65,0.2188319819210984,0.006078666164474955,0.9830449124743804
14.675,0.22855663275787902,0.006348795354385528,0.9844803510957765
14.7,0.22189415114952613,0.00616372642082017,0.9796305552332389
14.725,0.01835201297480497,0.000509778138189027,0.9694145154564007
14.75,-0.3684424651283013,-0.010234512920230593,0.9718310077143595
14.775,0.24586443533227828,0.006829567648118841,0.9672142143301127
14.8,0.2230722173175799,0.006196450481043885,0.945436244197807
14.825,0.22040358459957568,0.006122321794432658,0.7989454977051552
14.85,0.2448469323425375,0.006801303676181597,0.7306151343156168
14.875,0.1671203573915199,0.004642232149764442,0.7543813513694624
14.9,0.19166334522156875,0.0053239818117102435,0.756543368796017
14.925,0.2201134077819421,0.00611426132727617,0.7317572050654814
14.95,0.2561737647786633,0.0071159379105184255,0.6526081786522976
14.975,0.2278597317259946,0.006329436992388739,0.622343017783226
15.0,0.1003824720570819,0.002788402001585608,0.6629735980155952
15.025,0.07720848035969702,0.002144680009991584,0.7702015648682197
15.05,0.15267249740634928,0.004240902705731924,0.8052180287016555
15.075,0.2325606158475907,0.006460017106877519,0.7152027528299846
15.1,0.23319694475974043,0.00647769290999279,0.7516145278981591
15.125,-0.16723713624280442,-0.004645476006744567,0.9386933734200827
15.15,0.1727282385255964,0.004798006625711011,0.9805900542635366
15.175,0.18228090949321912,0.005063358597033865,0.974942416336994
15.2,0.15069515399567102,0.0041859764998797505,0.8595070618791937
15.225,0.13265987954547356,0.0036849966540409324,0.7500303321600965
15.25,0.17850037885381936,0.004958343857050538,0.7322826832804843
15.275,0.168176896210044,0.004671580450279,0.7606008937649623
15.3,0.16363057341708742,0.004545293706030206,0.8110697690168668
15.325,0.3238584180230515,0.008996067167306986,0.8553717323179262
15.35,0.2696007278034139,0.007488909105650385,0.9047914874214585
15.375,-5.006548692453897,-0.13907079701260824,0.9356774155038152
15.4,-4.382957002630984,-0.12174880562863843,0.9362450729521214
15.425,0.10709128617071824,0.0029747579491866175,0.9533759203907851
15.45,-0.29240141422937055,-0.008122261506371405,0.9321764350038333
15.475,0.10941146890929516,0.0030392074697026435,0.8453601122267239
15.5,0.2060163486368439,0.0057226763510234415,0.678106507349144
15.525,0.2548653140920818,0.007079592058113383,0.42750494492761826
15.55,0.3757291199831044,0.010436919999530678,0.25084923367101153
15.575,-0.09508024776921614,-0.0026411179935893372,0.2648677773437045
15.6,0.0942304639206323,0.0026175128866842306,0.2473596250526644
15.625,0.16709863467339917,0.004641628740927755,0.37922758226815106
15.65,0.1716741697268362,0.004768726936856561,0.3883236172443431
15.675,0.1998866180867653,0.005552406057965703,0.17900549823987702
15.7,0.18207970843055019,0.005057769678626395,0.13992879722624924
15.725,0.13465246486125607,0.0037403462461460023,0.2736309016088439
15.75,0.18135684718659167,0.005037690199627546,0.279847386488883
15.775,0.2246035739404161,0.006238988165011558,0.22024398112989116
15.8,0.1373916516058327,0.0038164347668286857,0.15580879261003805
15.825,0.20228185896472736,0.005618940526797982,0.15710525291384664
15.85,0.2097827109920206,0.005827297527556128,0.7260135597690177
15.875,0.22782572988934469,0.006328492496926241,0.8669916955690763
15.9,0.22527101684080203,0.006257528245577834,0.8581896759327239
15.925,0.20120808901584294,0.005589113583773415,0.7253227514815516
15.95,0.209819696306528,0.005828324897403555,0.37418853535233165
15.975,0.16012183846353023,0.004447828846209173,0.657312492100621
16.0,0.16002082572976706,0.004445022936937974,0.7783716516210045
16.025,0.1632188704471169,0.0045338575124199134,0.7174586795745045
16.05,0.16207908625859124,0.004502196840516424,0.3809902812903386
16.075,0.11910740092547618,0.0033085389145965606,0.13022128124937885
16.1,0.1594979002958321,0.00443049723043978,0.1269078911420512
16.125,696.6630590509681,19.351751640304666,0.14907515203645846
16.15,69.74595424386199,1.937387617885055,0.15718487936119874
16.175,0.03711828622412482,0.0010310635062256894,0.14339070718601077
16.2,0.5594715876491372,0.015540877434698255,0.5177733001201763
16.225,0.3186524624733211,0.008851457290925586,0.6424682924360162
16.25,-0.08649854031426218,-0.002402737230951727,0.7127956945575429
16.275,-4.018483162326307,-0.11162453228684185,0.7922565033342862
16.3,-0.14645238078166434,-0.004068121688379565,0.832245372887892
16.325,0.15229062498245502,0.004230295138401528,0.8485907032949002
16.35,0.2240476124639828,0.006223544790666189,0.8804358843411948
16.375,0.23472370440182455,0.006520102900050682,0.8773709430821416
16.4,0.34182640156440325,0.009495177821233424,0.826304281939091
16.425,-0.8940714823034676,-0.024835318952874098,0.7969726647680183
16.45,-4.666941670394676,-0.12963726862207434,0.7955230818205754
16.475,0.08237077955594628,0.002288077209887397,0.7682219850779494
16.5,0.23086859009742225,0.0064130163915950625,0.7256993952106549
16.525,0.20189586515295554,0.0056082184764709875,0.6451077793661589
16.55,0.33222986879917954,0.009228607466643876,0.5676248625933623
16.575,0.22295903683731333,0.0061933065788142595,0.6085189889407618
16.6,0.2167743138455226,0.006021508717931183,0.6660638770228692
16.625,0.17981347263770353,0.0049948186843806535,0.7064842718830274
16.65,-0.6533716944362928,-0.018149213734341467,0.726999060279963
16.675,-0.39410302440032813,-0.010947306233342448,0.7432281498893349
16.7,0.22202447617937132,0.006167346560538092,0.7932204179798256
16.725,0.267184034737036,0.0074217787426954455,0.8170573505098032
16.75,0.2063257720732819,0.005731271446480053,0.8214031426456605
16.775,-0.27773736804146215,-0.007714926890040615,0.806407997210492
16.8,0.2826396503507031,0.007851101398630642,0.754073781370968
16.825,0.22184014238239397,0.006162226177288721,0.8270034082593702
16.85,0.20602375762458586,0.005722882156238496,0.8475334207706043
16.875,0.18726846381832166,0.005201901772731157,0.8123801126086649
16.9,0.07884463867733094,0.0021901288521480817,0.8438008051168199
16.925,-0.26132575157375953,-0.0072590486548266536,0.9207977079925042
16.95,0.23656446814302443,0.0065712352261951225,0.9324792164935852
16.975,0.2663109274561896,0.007397525762671935,0.9241739492182688
17.0,0.2398769892198842,0.006663249700552339,0.9661888640933602
17.025,0.21324185223046557,0.005923384784179599,0.9748593132204773
17.05,0.1867701203601096,0.005188058898891933,0.9636135917245999
17.075,0.16325243617989194,0.004534789893885887,0.9675848120741097
17.1,0.16904343455413268,0.004695650959837019,0.9866464763479023
17.125,0.16335383210524795,0.004537606447367999,0.9880338557041329
17.15,0.2093348694191691,0.005814857483865808,0.9871848769903739
17.175,0.2310284287827414,0.00641745635507615,0.9704372902421496
17.2,0.22794203596499832,0.006331723221249953,0.9587681843508223
17.225,0.21362585688198515,0.005934051580055143,0.9749146985245288
17.25,-0.8335738537534041,-0.023154829270927893,0.9700824612470529
17.275,-1.5998839795556918,-0.04444122165432478,0.9685279055270531
17.3,0.054729803279013306,0.001520272313305925,0.9858932175763215
17.325,0.10754095661831745,0.0029872487949532626,0.9890064400432385
17.35,0.09184299493616002,0.002551194303782223,0.9853467151001445
17.375,0.09948029721357442,0.0027633415892659562,0.9846215007388416
17.4,0.22633345948972766,0.006287040541381324,0.9870367985575288
17.425,0.2532978912233481,0.007036052533981892,0.9784182132552026
17.45,0.24452358893254478,0.00679232191479291,0.9799007678906589
17.475,0.20810527854778502,0.005780702181882917,0.9833824713827004
17.5,0.17369626786790007,0.004824896329663891,0.9799306840267462
17.525,0.08940950171692295,0.0024835972699145266,0.9820508427554642
17.55,0.17087757902977396,0.004746599417493721,0.9721133387245728
17.575,0.18778422779186327,0.00521622854977398,0.9824753769086291
17.6,0.13647546830303228,0.0037909852306397852,0.9902291510277743
17.625,-0.29771652439887614,-0.008269903455524337,0.9844299145374706
17.65,-0.18481139163987,-0.005133649767774167,0.9841810974817831
17.675,0.010250373628225435,0.00028473260078403986,0.9900610390675275
17.7,0.11935450257665894,0.0033154028493516375,0.9910023483306897
17.725,0.1947785668589002,0.0054105157460805605,0.9913478509931909
17.75,0.09399439077144871,0.0026109552992069087,0.9847837777196572
17.775,0.2338754070563564,0.006496539084898789,0.9703155311706294
17.8,0.24915115016841569,0.006920865282455991,0.959397212024469
17.825,0.25221642686681645,0.007006011857411568,0.9600435567348712
17.85,0.21474625375852963,0.005965173715514712,0.9779058368025781
17.875,-0.040603215867618996,-0.001127867107433861,0.9661877851600297
17.9,0.06996621817606721,0.0019435060604463116,0.973316324631716
17.925,0.14102308728047902,0.003917307980013306,0.9726109433823321
17.95,0.113835990506215,0.003162110847394861,0.9498913218647634
17.975,0.11064939557687957,0.003073594321579988,0.9626377017889307
18.0,0.0967226175541914,0.0026867393765053166,0.9632056751598627
18.025,0.17794816543428504,0.0049430045953968065,0.9660237175839674
18.05,0.22471829713392824,0.006242174920386896,0.9822269865451712
18.075,0.2739609692490221,0.007610026923583946,0.9901220414564721
18.1,0.22360680939135624,0.0062113002608710065,0.9927360603715761
18.125,-0.009722638189664255,-0.0002700732830462293,0.9868571629161862
18.15,-0.1397543708280257,-0.0038820658563340467,0.9833244538844961
18.175,-0.04444183243305967,-0.0012344953453627687,0.9853633001647644
18.2,-0.37746712126465776,-0.01048519781290716,0.9738607018207287
18.225,-0.7270030529740502,-0.020194529249279173,0.9621504332511481
18.25,0.15935317825581882,0.004426477173772745,0.9667957460877378
18.275,0.21995945900376399,0.006109984972326777,0.9519143940182407
18.3,0.23565203224613387,0.00654588978461483,0.9490287892538484
18.325,0.20965980833485304,0.0058238835648570285,0.9796579761827098
18.35,0.21714364324889054,0.0060317678680247375,0.9908843728861314
18.375,-0.10438440499586463,-0.0028995668054406843,0.9762403082049272
18.4,-0.07935012012200536,-0.002204170003389038,0.976156055284378
18.425,0.10354497254144054,0.002876249237262237,0.9838399010431406
18.45,0.2439727186695922,0.006777019963044227,0.9909878490055434
18.475,0.15009401623313498,0.004169278228698194,0.9526798811020312
18.5,0.15361799546267005,0.0042671665406297235,0.9307650650548035
18.525,0.23791492881378037,0.00660874802260501,0.9757358728079404
18.55,0.249511894865615,0.006930885968489306,0.9798451226692639
18.575,0.0636345639521358,0.001767626776448217,0.9813663647596528
18.6,0.025591803271194632,0.0007108834241998509,0.9797707612450544
18.625,0.21670588766739554,0.006019607990760987,0.9701980091021314
18.65,0.20092655462368766,0.005581293183991323,0.9601545462911908
18.675,-0.2599482650219882,-0.007220785139499673,0.9672409913409677
18.7,-0.4586079263630637,-0.012739109065640658,0.9859191323651023
18.725,-0.009788001946880114,-0.000271888942968892,0.9674313037153444
18.75,0.2272582849059026,0.006312730136275072,0.9539361316426359
18.775,0.2469785807137329,0.006860516130937025,0.9697755324080705
18.8,0.24993928276868263,0.006942757854685629,0.9907223132271933
18.825,0.20522150038788808,0.005700597232996891,0.9929040006656277
18.85,0.16439786899806472,0.004566607472168464,0.986052280793593
18.875,0.181022890760536,0.005028413632237111,0.9813230196565863
18.9,0.1594795028933616,0.004429986191482267,0.9903560159635749
18.925,-0.2558859784791662,-0.007107943846643506,0.993330631667839
18.95,-0.485197398925302,-0.013477705525702833,0.9920412861981286
18.975,0.1352373847757306,0.0037565940215480726,0.9897423282572986
19.0,0.171155665086849,0.00475432403019025,0.9819684649125783
19.025,0.1768204176437682,0.004911678267882451,0.9816783195479188
19.05,-0.21252927798634533,-0.005903591055176259,0.9814785294963513
19.075,-0.019848472773924836,-0.0005513464659423566,0.9868424936658344
19.1,0.24432818990015398,0.006786894163893166,0.9750643027793564
19.125,0.25160562157717237,0.0069890450438103435,0.9589421483583842
19.15,0.1832002863581078,0.005088896843280772,0.9615757638053358
19.175,-0.5150112152394296,-0.014305867089984155,0.964447154417066
19.2,-0.2532427784597317,-0.007034521623881436,0.9805742203440224
19.225,0.04827059716692421,0.0013408499213034503,0.9583571150249162
19.25,0.07217993149397675,0.0020049980970549097,0.9665150607508025
19.275,0.020177592252195797,0.0005604886736721055,0.9886804195573132
19.3,-0.04764229630852511,-0.001323397119681253,0.989305161917638
19.325,0.22948882888726221,0.006374689691312839,0.9855725531177951
19.35,0.253652167300773,0.007045893536132583,0.9875518586909549
19.375,0.20954893902909133,0.005820803861919204,0.9823555759732967
19.4,0.08022226050967625,0.0022283961252687846,0.9798573119565767
19.425,0.07471955404944366,0.002075543168040102,0.9846756651365765
19.45,0.08044499034822876,0.0022345830652285765,0.9595403428489685
19.475,0.11185290039534897,0.0031070250109819157,0.9450437634199159
19.5,0.10400313414082829,0.0028889759483563416,0.9632135608699748
19.525,-0.28575810568290355,-0.00793772515785843,0.9604130294813935
19.55,-2.836366275647527,-0.0787879521013202,0.955974117905636
19.575,-0.12341302691924626,-0.0034281396366457294,0.9806064897566015
19.6,-0.12864885599745382,-0.003573579333262606,0.9779388890683882
19.625,-0.10071736814294183,-0.002797704670637273,0.9795342454364462
19.65,0.08670727788582258,0.002408535496828405,0.9868738214347994
19.675,0.10019053474394292,0.00278307040955397,0.987209513248513
19.7,0.21219999773531698,0.005894444381536582,0.9462966891497586
19.725,0.2250128662256544,0.006250357395157067,0.9270558360404707
19.75,0.24673734833242233,0.0068538152314561755,0.9585306970742964
19.775,0.21484448238946913,0.0059679022885963644,0.9913579145145939
19.8,-0.8060882203574906,-0.02239133945437474,0.9681197620033115
19.825,-0.4065261805777453,-0.01129239390493737,0.9728876198446227
19.85,0.09560619137151269,0.002655727538097575,0.985305570062947
19.875,0.09500272933775124,0.002638964703826423,0.9695068446040277
19.9,0.1070884225826731,0.002974678405074253,0.9706357460933769
19.925,0.14826839461230407,0.004118566517008446,0.9807038754066915
19.95,0.1824842637694667,0.00506900732692963,0.9635770836188128
19.975,0.20423860794814214,0.005673294665226171,0.9592545784201301
20.0,0.2189492886294061,0.0060819246841501695,0.9705498288608823
20.025,-0.12708247280338858,-0.0035300686889830164,0.963367234609964
20.05,-0.21603945309359546,-0.00600109591926654,0.9689814913617739
20.075,0.09877805834684249,0.002743834954078958,0.9774604403262724
20.1,0.1150415169258281,0.003195597692384114,0.9735852186051402
20.125,0.08169711288614176,0.002269364246837271,0.9738672207832014
20.15,0.23538865530611802,0.006538573758503278,0.9658109250965788
20.175,0.2086101168314946,0.0057947254675415165,0.953738979234478
20.2,0.20315808433491825,0.005643280120414396,0.9657212831053679
20.225,0.21494094803292876,0.005970581889803576,0.9709329609412998
20.25,0.19942005123640916,0.005539445867678032,0.9657089390534612
20.275,0.22675097630365257,0.006298638230657016,0.9804935768326998
20.3,0.2413693154230557,0.006704703206195992,0.9829087545516414
20.325,0.2380800453115154,0.006613334591986539,0.9751561266926582
20.35,0.23077280420838664,0.006410355672455185,0.9685500194226051
20.375,0.21484500005093382,0.005967916668081496,0.9671407948752889
20.4,0.2067647368677946,0.005743464912994294,0.9797192046875973
20.425,0.19226386357785052,0.005340662877162514,0.9717266450328477
20.45,0.16076564213043817,0.004465712281401061,0.9484664946849626
20.475,0.056516368388845585,0.0015698991219123774,0.9623236439596827
20.5,0.059469804416587294,0.0016519390115718694,0.9731025770574845
20.525,0.04227067132142695,0.0011741853144840821,0.9715252811188341
20.55,0.20103182394409877,0.005584217331780521,0.9818463923450087
20.575,0.22118124479456994,0.006143923466515832,0.9906922378230519
20.6,-0.0661822380656393,-0.0018383955018233143,0.9929992624071785
20.625,-0.13884564930178217,-0.0038568235917161714,0.9941902614687474
20.65,0.19112034442814343,0.005308898456337317,0.977034500191789
20.675,0.23355977695077135,0.006487771581965871,0.958843231808675
20.7,0.24916984624233263,0.006921384617842573,0.9732859368417698
20.725,0.24419754760139026,0.006783265211149729,0.9934647483838864
20.75,0.1550128850183822,0.004305913472732839,0.9938203491368456
20.775,0.15242738321844512,0.004234093978290143,0.9923895762543499
20.8,0.2522543782206023,0.007007066061683398,0.9889796405037298
20.825,0.2227684191246526,0.00618801164235146,0.9704195754175725
20.85,0.04723615826703472,0.0013121155074176311,0.9678305683824917
20.875,0.08899655352035239,0.0024721264866764555,0.9649300939575424
20.9,0.10486114902082705,0.0029128096950229733,0.9555243677173265
20.925,0.1148287358118853,0.0031896871058857026,0.9734298648996741
20.95,0.16740865677136751,0.00465024046587132,0.9904816531854285
20.975,0.08508837983559255,0.0023635661065442375,0.9707521923981459
21.0,0.1301390304465535,0.0036149730679598197,0.9682391360930551
21.025,0.2562911029496452,0.00711919730415681,0.9769468469278489
21.05,0.27499980587777856,0.00763888349660496,0.9755647644770175
21.075,0.27770071174191174,0.007713908659497548,0.992976995357657
21.1,0.25610839438835475,0.007114122066343188,0.9947115551943431
21.125,-1.8075949598021555,-0.05021097110561543,0.9626064356501786
21.15,0.016287574412226204,0.00045243262256183895,0.9557571819896378
21.175,0.1383056237835563,0.0038418228828765635,0.9854073557477332
21.2,0.18490273600215937,0.0051361871111710936,0.9958923825645241
21.225,0.25035846108049997,0.006954401696680555,0.9965714025507424
21.25,0.26746239547350437,0.007429510985375122,0.9903567245698828
21.275,0.22113255754382352,0.006142571042883987,0.9685080068190431
21.3,0.20239109565681032,0.005621974879355842,0.975387052083588
21.325,0.2377942872925904,0.0066053968692386215,0.9888548688555838
21.35,0.0579485244843457,0.0016096812356762693,0.9743569006635678
21.375,0.1029488604819286,0.0028596905689424607,0.9674939607819268
21.4,0.184136101524586,0.005114891709016278,0.9770502278426274
21.425,0.2194690329305943,0.0060963620258498415,0.9893160530456384
21.45,0.2427302486948025,0.006742506908188959,0.9951508403792275
21.475,-0.13752180481904303,-0.003820050133862306,0.9867517674017937
21.5,-0.5239291626236804,-0.01455358785065779,0.9808712978480766
21.525,-0.420032414113737,-0.011667567058714917,0.9826365826030851
21.55,-0.542439287615888,-0.015067757989330223,0.9757343933941153
21.575,-0.18665770642691332,-0.005184936289636481,0.9772808731645947
21.6,0.08175843638052896,0.0022710676772369157,0.9792142287464901
21.625,0.2259639408499203,0.006276776134720008,0.9446766704729853
21.65,0.24222299779017814,0.006728416605282726,0.9438651458997852
21.675,0.2588993076907174,0.007191647435853262,0.9742221609726928
21.7,0.07052338361905013,0.0019589828783069477,0.9450157244437449
21.725,-1.080402999050088,-0.030011194418058003,0.9470211901190425
21.75,-0.043859637946845866,-0.001218323276301274,0.9779609852813712
21.775,0.08806078009717187,0.0024461327804769966,0.9487223768366537
21.8,0.10501193011926847,0.0029169980588685685,0.9396883926903135
21.825,0.12615599697092622,0.003504333249192395,0.976044800612766
21.85,0.14340550212863623,0.003983486170239896,0.9513664260424255
21.875,0.20061598878732645,0.005572666355203512,0.9349124335833031
21.9,0.23368746077140445,0.006491318354761235,0.9406065440867998
21.925,0.08597801524934899,0.002388278201370805,0.9340245110500671
21.95,-0.5122139617521833,-0.014228165604227315,0.958267395401691
21.975,-0.2909139831544232,-0.008080943976511755,0.9687707114301639
22.0,0.029379254846500315,0.0008160904124027866,0.9741894151564632
22.025,0.25033297213562844,0.0069536936704341235,0.9909197952758361
22.05,0.020194566683343667,0.0005609601856484352,0.9869989957789687
22.075,0.11923687138627743,0.0033121353162854843,0.9881347539686844
22.1,0.21731821969447324,0.006036617213735368,0.967086550264822
22.125,0.22055017635361243,0.006126393787600346,0.9552931768272364
22.15,0.19197433629673752,0.005332620452687153,0.9665643962546688
22.175,0.04555552676445832,0.001265431299012731,0.9814920956917951
22.2,0.15437880383439936,0.0042883001065110934,0.9932966477941442
22.225,-0.04838624846748093,-0.0013440624574300257,0.9794464111324045
22.25,-0.24051977634212804,-0.006681104898392446,0.9711988058962152
22.275,0.014207421646560851,0.000394650601293357,0.9749053296704313
22.3,0.18043668603466262,0.005012130167629517,0.9824151571667605
22.325,0.25375792770128486,0.007048831325035691,0.9858087142142646
22.35,0.20325050758161137,0.005645847432822538,0.9707264653115075
22.375,0.17101626449372392,0.004750451791492331,0.9452539126557957
22.4,0.16965661062158477,0.004712683628377355,0.9575982860994258
22.425,-0.2692984509393179,-0.007480512526092165,0.9757462228215182
22.45,0.1250010857589161,0.0034722523821921142,0.967438918064978
22.475,0.1983963163109375,0.00551100878641493,0.9640588047656461
22.5,0.13634908591566394,0.003787474608768443,0.9760563980220079
22.525,0.14717215888247812,0.004088115524513282,0.995643835867266
22.55,-0.1498785443455435,-0.004163292898487319,0.9898062173367825
22.575,0.2195163064085924,0.006097675178016456,0.9583183766419017
22.6,0.23744309225333562,0.006595641451481545,0.9444899426436488
22.625,0.244648579748175,0.0067957938818937495,0.9609691989113003
22.65,0.23618995922591024,0.006560832200719729,0.9893210438231785
22.675,0.20576327187351953,0.005715646440931098,0.9908656943563575
22.7,0.28094635491025083,0.0078040654141736335,0.9942251334072183
22.725,0.24405790159990287,0.006779386155552857,0.9903084161183469
22.75,-0.08978799593351647,-0.0024941109981532353,0.9902145134679384
22.775,-0.3510613093644121,-0.009751703037900336,0.9929044748756293
22.8,-0.6412697961052034,-0.017813049891811206,0.9865491993410551
22.825,0.10208969437085993,0.002835824843634998,0.9801545751781593
22.85,0.15610056900265817,0.004336126916740505,0.9765441479493401
22.875,0.14007030872651252,0.003890841909069792,0.9797508205416653
22.9,-0.014462131953227247,-0.00040172588758964574,0.984882676415225
22.925,0.11092276511507763,0.0030811879198632676,0.9737192755113249
22.95,0.2555412148082855,0.00709836707800793,0.9800008023036944
22.975,0.2642366255988026,0.007339906266633406,0.9840175631913063
23.0,0.20997726177275552,0.005832701715909876,0.9888124754040495
23.025,0.12661529871964705,0.003517091631101307,0.996612790874645
23.05,-0.9342127772115448,-0.025950354922542912,0.9781629917084651
23.075,-4.960682670965254,-0.13779674086014596,0.9459973821453802
23.1,-4.895152839427575,-0.13597646776187708,0.952147793960157
23.125,-0.8051437750860703,-0.02236510486350195,0.9796326819779978
23.15,0.1420769585132624,0.003946582180923956,0.9932062586032819
23.175,0.23639044130612466,0.006566401147392352,0.9933170112447973
23.2,0.2651985923572924,0.0073666275654803446,0.9944731416942889
23.225,0.09479250656153711,0.00263312518226492,0.9629214181593209
23.25,-5.832719574879001,-0.16201998819108335,0.9519407748561737
23.275,-0.059948811049260795,-0.0016652447513683555,0.9837538548624977
23.3,0.11507938808708762,0.0031966496690857675,0.9180852348956171
23.325,0.1281366093516413,0.0035593502597678142,0.8146123478291203
23.35,0.18534459141642803,0.005148460872678557,0.9177648960064406
23.375,0.22204949423998355,0.00616804150666621,0.8336524230954612
23.4,0.23212190302068092,0.006447830639463359,0.8347157648520589
23.425,0.23476637226443434,0.006521288118456509,0.82432530229786
23.45,0.2399005091914597,0.006663903033096103,0.8125640328445023
23.475,0.23711147630180457,0.006586429897272349,0.8188243729279678
23.5,0.22996335214058872,0.006387870892794131,0.8163573716141362
23.525,0.15872209608120422,0.004408947113366784,0.7480249065194915
23.55,0.21953247274275425,0.006098124242854285,0.928322287924766
23.575,0.23138496231560457,0.0064273600643223495,0.9328773282672259
23.6,0.25617442720180555,0.007115956311161265,0.9247270985297835
23.625,0.24577748767519655,0.006827152435422127,0.9473448623096284
23.65,0.252451788711824,0.007012549686439556,0.9637787523970008
23.675,0.25887821838453956,0.007191061621792765,0.9699116869890632
23.7,0.11894488731851897,0.0033040246477366382,0.8001112202242872
23.725,0.1134301187671444,0.003150836632420678,0.7153908973035563
23.75,0.11635542961031274,0.003232095266953132,0.8262554377512336
23.775,0.14282944737051542,0.003967484649180984,0.9161017516748672
23.8,0.15837024480119485,0.004399173466699857,0.9623112527268673
23.825,0.20738578354219347,0.005760716209505375,0.9892346033642087
23.85,0.06080237949447064,0.0016889549859575178,0.9833630079510872
23.875,-0.5208916936029611,-0.014469213711193361,0.970854577765113
23.9,-0.554658246533881,-0.015407173514830027,0.9793208825154298
23.925,0.027601489152288244,0.0007667080320080068,0.9888462393118863
23.95,0.04233378626354935,0.0011759385073208152,0.9802481629617312
23.975,-0.0590563283331605,-0.001640453564810014,0.9652259303068843
24.0,0.14320911348059626,0.0039780309300165625,0.9637078102668426
24.025,0.21716622158644416,0.006032395044067893,0.9752169361295282
24.05,0.20937472122275197,0.005815964478409777,0.9820735685327869
24.075,0.1637903414941336,0.004549731708170378,0.9902393922260612
24.1,-0.31106896925000266,-0.008640804701388963,0.9739875206553135
24.125,-0.19899252979728846,-0.005527570272146901,0.9770984540261304
24.15,0.17718950631363942,0.004921930730934428,0.9921427237056997
24.175,0.1514349494750243,0.0042065263743062305,0.967639977024682
24.2,0.21594650158946904,0.005998513933040807,0.9689936998949108
24.225,0.2393371581540506,0.006648254393168072,0.9854674203373808
24.25,0.14734326529160882,0.004092868480322467,0.979726308305503
24.275,0.18992919207627643,0.005275810891007679,0.9633847079066743
24.3,0.2123076517340026,0.005897434770388961,0.9619374578661245
24.325,0.08602713052442254,0.002389642514567293,0.9766303692288536
24.35,-0.5393718824305049,-0.014982552289736247,0.9786211222707931
24.375,0.016052234225501796,0.00044589539515282764,0.975378725625821
24.4,0.1762107419997474,0.0048947428333263165,0.9795476535731783
24.425,0.24299100642999247,0.006749750178610902,0.9962397114875675
24.45,-0.2952920125335734,-0.008202555903710372,0.9895859571863814
24.475,0.09442055778313646,0.0026227932717537905,0.982693005977222
24.5,0.2474647472453413,0.006874020756815036,0.9719396041405975
24.525,0.2580961225492385,0.007169336737478848,0.9587619351921363
24.55,0.2634896006107503,0.007319155572520841,0.9740987608646786
24.575,0.1553835929197068,0.004316210914436299,0.9802764820743268
24.6,-0.38258580243210766,-0.01062738340089188,0.9816110169482853
24.625,0.09892205976649315,0.0027478349935136986,0.9848235887534856
24.65,0.22977428202880645,0.0063826189452446235,0.9772038790971515
24.675,0.24538004660353455,0.006816112405653737,0.9851221979351779
24.7,0.11897128278147899,0.0033047578550410833,0.9896482071235688
24.725,0.1125005634236813,0.0031250156506578137,0.9798740993832075
24.75,0.15164100272207895,0.0042122500756133045,0.9562161628498793
24.775,0.15511958688150201,0.004308877413375056,0.9641310300374548
24.8,0.19861073118354441,0.005516964755098455,0.9795740463701426
24.825,0.2045509214692041,0.005681970040811225,0.9782728773792574
24.85,0.2300674005776435,0.006390761127156763,0.9744979250406646
24.875,0.2530335106505142,0.00702870862918095,0.9739434859117615
24.9,0.19576365956822112,0.005437879432450587,0.9617312963655619
24.925,-0.1636478367705618,-0.004545773243626717,0.9625843362191993
24.95,0.15839733688390628,0.004399926024552953,0.9892748733438064
24.975,-1.4838044527088645,-0.041216790353024016,0.9499545149152332
25.0,0.054008616927715164,0.001500239359103199,0.9383755286837977
25.025,0.14836060032049606,0.004121127786680446,0.9797328697713925
25.05,0.20134402531597362,0.005592889592110378,0.9911976080869084
25.075,0.2237054145783643,0.006214039293843452,0.9814474286079586
25.1,0.262342787260046,0.007287299646112389,0.9723818832051963
25.125,0.2504862499260324,0.0069579513868342335,0.9821003066096243
25.15,0.2222725124949848,0.006174236458194022,0.984184160022235
25.175,0.17277525975167662,0.004799312770879906,0.9805052068324894
25.2,-0.339993896089759,-0.009444274891382195,0.9659837285175398
25.225,0.15836209298944096,0.004398947027484471,0.9505161537231913
25.25,0.18588957635215392,0.005163599343115386,0.9605130034663397
25.275,0.19576745004968138,0.0054379847236022604,0.9853044407354823
25.3,0.10397199466322096,0.002888110962867249,0.990913710434118
25.325,-0.1711959115791857,-0.0047554419883107145,0.9833724735574693
25.35,-0.25388126233877256,-0.007052257287188127,0.9806035315757756
25.375,-0.006310319737721482,-0.00017528665938115227,0.9865664786617444
25.4,0.11529021607646238,0.003202506002123955,0.982204605868397
25.425,0.08466786228924406,0.0023518850635901125,0.9796701192767139
25.45,0.19430795493447434,0.005397443192624287,0.9610813532791129
25.475,0.23964448533836114,0.00665679125939892,0.9285897230533776
25.5,0.2512586981535327,0.0069794082820425745,0.9390780488553635
25.525,0.24715274912537763,0.0068653541423716,0.9774358951290317
25.55,-0.10368012415197267,-0.0028800034486659073,0.9664670240359248
25.575,-0.14847504855478943,-0.004124306904299707,0.9744524307277559
25.6,0.129140322431443,0.0035872311786511943,0.9912871028212744
25.625,0.09608680315691799,0.002669077865469944,0.9699821823331066
25.65,0.08884358684846226,0.002467877412457285,0.9588687213933108
25.675,0.09005328114278048,0.002501480031743902,0.9678828726983294
25.7,0.1866480009976561,0.005184666694379336,0.9453581009119881
25.725,0.21124059986149138,0.0058677944405969825,0.9404644218422349
25.75,0.21201085786722693,0.005889190496311859,0.962303690425493
25.775,-0.12561038325785234,-0.003489177312718121,0.9583232907794133
25.8,-0.7667921706783375,-0.021299782518842708,0.9596005149203328
25.825,-0.8180311295696376,-0.022723086932489936,0.9618697470882195
25.85,-0.7587738618809303,-0.021077051718914733,0.9589107749609146
25.875,-0.03587414308308547,-0.000996503974530152,0.9872744341763057
25.9,0.17836820033102194,0.004954672231417276,0.9957533021554431
25.925,0.21448675568687828,0.0059579654357466184,0.9887981315539337
25.95,0.2082538746852419,0.005784829852367831,0.9489707255305888
25.975,0.20145976991265313,0.005596104719795921,0.9413401473388201
26.0,0.1250680659409858,0.003474112942805161,0.9690477030790094
26.025,-0.17368042056194036,-0.004824456126720566,0.9792320618986489
26.05,-0.3636410973136914,-0.010101141592046982,0.9665766055084176
26.075,-0.47299770677068914,-0.013138825188074698,0.9519766761464158
26.1,-0.21187653566118897,-0.005885459323921915,0.9697461215280261
26.125,0.03169109971948099,0.0008803083255411385,0.9575134429660653
26.15,0.1330252930173913,0.0036951470282608695,0.9629665515196887
26.175,0.19721494912194223,0.005478193031165062,0.9701677293667058
26.2,0.1824649848180551,0.00506847180050153,0.9522769700242434
26.225,0.18813214409758455,0.005225892891599571,0.965404092854957
26.25,0.23964250877519466,0.006656736354866519,0.9901554571305712
26.275,-0.025341513807150728,-0.0007039309390875203,0.9793643958358501
26.3,0.16078049779763093,0.004466124938823081,0.959226796853073
26.325,0.2136886941731492,0.005935797060365256,0.9816195791350172
26.35,0.18530607082154338,0.005147390856153983,0.9919945279119606
26.375,-0.2980016452599508,-0.008277823479443077,0.989397511328749
26.4,-0.30375186131141424,-0.00843755170309484,0.9868353249811646
26.425,0.23126483892394245,0.0064240233034428456,0.9733145551839594
26.45,0.24277583595938804,0.006743773221094112,0.9757678468997328
26.475,0.25393198831099406,0.0070536663419720575,0.989186285376863
26.5,0.1318698229045185,0.0036630506362366256,0.9846024460889313
26.525,0.09691315246504673,0.0026920320129179645,0.9812585900600045
26.55,0.24303533857756496,0.006750981627154582,0.9923743791353806
26.575,0.17905752347959714,0.004973820096655476,0.992769273993291
26.6,-0.7560698153896221,-0.021001939316378393,0.9866672428320157
26.625,-0.6972580552873526,-0.019368279313537573,0.9881250089964639
26.65,-0.10104788901079036,-0.0028068858058552877,0.9907487298326395
26.675,0.08949157286055803,0.00248587702390439,0.9842773504207588
26.7,0.13007091640226376,0.003613081011173993,0.9879290025903698
26.725,-0.08948277957421019,-0.0024856327659502834,0.9866343389479895
26.75,-0.3769994445907907,-0.010472206794188631,0.981228735245092
26.775,0.24837427332149276,0.006899285370041465,0.9823496911274187
26.8,0.2507969202950026,0.006966581119305628,0.9822352507468037
26.825,0.20851479330662914,0.005792077591850809,0.9803112897001449
26.85,-0.7274978555872306,-0.02020827376631196,0.9706380881146874
26.875,-0.8190682431898976,-0.02275189564416382,0.9707596696169496
26.9,0.13132545296199402,0.0036479292489442782,0.9901513437162368
26.925,0.06380388378717364,0.0017723301051992678,0.9454498793542845
26.95,-0.011029260508923902,-0.0003063683474701084,0.9316031793438625
26.975,-0.36734516511772525,-0.010204032364381256,0.9796356021587744
27.0,0.2699743280564411,0.007499286890456697,0.9936718218242535
27.025,0.2615463525813092,0.007265176460591921,0.9899761876645655
27.05,0.22927775560850877,0.0063688265446808,0.9748647251509069
27.075,-0.2787697582785853,-0.007743604396627369,0.9470684580875278
27.1,-0.8671557714071537,-0.02408766031686538,0.9616874339193314
27.125,0.02063413634591702,0.0005731704540532506,0.9815453398462148
27.15,0.14897310401462058,0.004138141778183905,0.9683894423361746
27.175,0.16269926946282293,0.004519424151745082,0.9702214334431197
27.2,0.15443322354530994,0.0042898117651474985,0.9800668889015378
27.225,0.12259750370794363,0.0034054862141095453,0.9762777288132368
27.25,0.1023306659908155,0.0028425184997448753,0.9684183785898762
27.275,0.1391533347938793,0.003865370410941092,0.9737164074383348
27.3,0.011743903454340844,0.00032621954039835675,0.9646385490303362
27.325,0.09221257998820453,0.002561460555227904,0.9627594925081322
27.35,0.2233012288564109,0.006202811912678081,0.985079360918738
27.375,0.22874159852228346,0.006353933292285651,0.9669567406689726
27.4,0.23466848000509852,0.006518568889030515,0.9615903743126814
27.425,0.23911914152262595,0.006642198375628498,0.953458103129093
27.45,0.18207489546981187,0.005057635985272552,0.9509403678368161
27.475,-0.12837689708406255,-0.0035660249190017377,0.9788473850139876
27.5,-1.1768512593644538,-0.03269031276012372,0.9734369105388282
27.525,-0.19277908800051238,-0.0053549746666809,0.9614531909758959
27.55,0.09171753848342885,0.002547709402317468,0.974394055700634
27.575,0.06211886610424896,0.00172552405845136,0.9531024527332921
27.6,-0.08504291761023901,-0.0023623032669510833,0.9442340953989695
27.625,0.17719996314530354,0.004922221198480654,0.9391608270999247
27.65,0.19937490921536302,0.005538191922648973,0.9160494529842388
27.675,0.15401428562089953,0.004278174600580543,0.9251857244902244
27.7,-0.08340639120358728,-0.0023168442000996467,0.9560177602844814
27.725,-0.5970435278146881,-0.01658454243929689,0.9607296192457231
27.75,-0.5551942102569491,-0.015422061396026367,0.9622254316287266
27.775,-0.5301864930646758,-0.014727402585129883,0.9630841733016791
27.8,-1.516151196689321,-0.04211531101914781,0.9574274822432732
27.825,0.2058044356128239,0.005716789878133998,0.9632031476347348
27.85,0.22815071535249418,0.006337519870902616,0.9584159467300538
27.875,0.23251458803213526,0.006458738556448202,0.9635147496103835
27.9,0.21109558104961887,0.0058637661402671905,0.962337935348661
27.925,-0.09798017078599332,-0.002721671410722037,0.9688472115975336
27.95,-0.06705324093160699,-0.001862590025877972,0.9851099165670448
27.975,0.04956105871199231,0.0013766960753331197,0.9883004246316117
28.0,0.18055857234284572,0.005015515898412382,0.9837997085402524
28.025,0.24152900755840934,0.006709139098844704,0.9793693658207244
28.05,0.20763264738994827,0.005767573538609674,0.9768098876756256
28.075,0.0190235075691121,0.0005284307658086694,0.9681431170417002
28.1,0.12999983153623582,0.0036111064315621057,0.9768094465324464
28.125,0.14384103940704768,0.003995584427973546,0.9720927905542631
28.15,0.1454846862257615,0.00404124128404893,0.9813103865425434
28.175,-0.7224084664665803,-0.020066901846293898,0.9759722264012008
28.2,-1.6813636373817369,-0.04670454548282602,0.9686414514353922
28.225,0.18180744209819824,0.005050206724949951,0.9829979554949445
28.25,0.20272412620796265,0.0056312257279989624,0.9847617810235981
28.275,-0.06468834229660221,-0.0017968983971278394,0.9866659525301279
28.3,-0.6212303745722325,-0.017256399293673126,0.9889121382305212
28.325,0.21997768818563693,0.006110491338489915,0.9893505610390559
28.35,0.23992776426443957,0.006664660118456654,0.9757698892108863
28.375,0.24203221777231076,0.006723117160341965,0.9704065963688397
28.4,0.24431165482146533,0.006786434856151815,0.9814065503316344
28.425,0.21670573686562458,0.006019603801822905,0.992122790683956
28.45,0.1048796716048399,0.002913324211245553,0.9934269457160005
28.475,0.25302893856432285,0.007028581626786746,0.9806555821694594
28.5,0.23068475524111887,0.006407909867808858,0.9667941741673327
28.525,-0.07633122968417551,-0.002120311935671542,0.9662432692892627
28.55,-0.1425508490753162,-0.0039597458076476725,0.979366177783261
28.575,0.13181263878186583,0.0036614621883851624,0.9755916335170043
28.6,0.11753304002080611,0.003264806667244614,0.9664900260151685
28.625,0.06801149132570389,0.0018892080923806635,0.9766347924811687
28.65,0.12100818006749886,0.0033613383352083014,0.9833690319084469
28.675,0.22196231603345454,0.006165619889818182,0.9888606383090505
28.7,0.25583449827180343,0.007106513840883429,0.9884574962317878
28.725,0.2533839285449299,0.007038442459581387,0.989047601705614
28.75,0.22827803508078232,0.006341056530021731,0.9962335917879594
28.775,0.250519765393324,0.006958882372036777,0.9973702509954067
28.8,-0.1991140888616662,-0.005530946912824061,0.985716345507096
28.825,-5.072235100861492,-0.14089541946837475,0.9413598053535874
28.85,-7.506456400016072,-0.20851267777822421,0.9389128143764032
28.875,-0.1032841578338815,-0.002869004384274486,0.9692581307830725
28.9,0.17929495939060622,0.004980415538627951,0.9952904482952466
28.925,0.2625824600250331,0.0072939572229175865,0.9943588846994758
28.95,0.2750512314403294,0.0076403119844535945,0.9878508865902246
28.975,0.18136849474257835,0.005038013742849398,0.969535982926809
29.0,0.029946514743213328,0.0008318476317559258,0.9704770498120031
29.025,0.1401342962482859,0.0038926193402301643,0.976512008108181
29.05,0.01145416381582001,0.00031817121710611137,0.9643894261131402
29.075,0.11681703191081975,0.0032449175530783266,0.9519320904559069
29.1,0.13326562430700964,0.003701822897416934,0.965592826920688
29.125,0.0714026549419172,0.0019834070817199225,0.9848702483184799
29.15,-0.691473510921973,-0.01920759752561036,0.9765951270877069
29.175,-0.40391449730554896,-0.01121984714737636,0.9810219581603149
29.2,-0.9190263666415641,-0.02552851018448789,0.976176956942304
29.225,-0.463859851403251,-0.012884995872312526,0.9791756535812673
29.25,-0.0065304613309267075,-0.00018140170363685297,0.9844855782930093
29.275,0.05243696209393318,0.0014565822803870327,0.9825491533593861
29.3,0.2611656904837005,0.007254602513436124,0.9748787998014433
29.325,0.2754647289559384,0.007651798026553844,0.9578461589616916
29.35,0.2790769196138473,0.007752136655940202,0.9625856376678243
29.375,0.19308702781178583,0.005363528550327384,0.9708088450657081
29.4,-0.27820384028408907,-0.007727884452335807,0.9735077154431668
29.425,-0.3161274000523075,-0.008781316668119652,0.9741663900357566
29.45,0.07354547706762478,0.0020429299185451325,0.9760008449904005
29.475,0.10752865746830637,0.002986907151897399,0.9737208757679487
29.5,0.08638093292566049,0.0023994703590461248,0.9671986861151264
29.525,0.15169176560733527,0.004213660155759313,0.9721878240987821
29.55,0.21465767433103164,0.0059627131758619905,0.9659542723445678
29.575,0.2375799663954689,0.006599443510985248,0.9693891364770357
29.6,0.27121057340902843,0.007533627039139679,0.9894582078641152
29.625,0.22976372450350283,0.0063823256806528565,0.9912402534030264
29.65,-0.12757039599233203,-0.0035436221108981116,0.9705764407869925
29.675,-0.3018336044424909,-0.008384266790069192,0.9720873157152672
29.7,-0.4974732284954009,-0.013818700791538912,0.9700550541159083
29.725,-0.5158480393392116,-0.014329112203866989,0.9722407747264066
29.75,-0.14314319117010843,-0.003976199754725234,0.9754379412771782
29.775,0.14722019690936558,0.004089449914149044,0.9580360641742742
29.8,0.19209915052569937,0.00533608751460276,0.9603225026382644
29.825,0.2254897867208103,0.006263605186689175,0.9754065486464136
29.85,0.22782941570326024,0.0063285948806461175,0.9843085551203945
29.875,0.06760244577714221,0.001877845716031728,0.9871234637554461
29.9,0.1541974398647406,0.004283262218465016,0.9908879260236446
29.925,0.026491633837053566,0.0007358787176959324,0.9803140966426301
29.95,0.06994979234124105,0.001943049787256696,0.9762206920130919
29.975,0.1569025058427538,0.004358402940076495,0.9753077482288586
30.0,0.21683448586636847,0.00602318016295468,0.9795218156533457
30.025,0.20373149089381987,0.005659208080383885,0.9799605814547435
30.05,0.14401982458580057,0.0040005506829389045,0.9447978270713301
30.075,0.11799871963610102,0.003277742212113917,0.9609395661900155
30.1,0.18209052359154362,0.0050580700997651,0.9932515440927444
30.125,0.1535084930062679,0.004264124805729665,0.9847963442396871
30.15,0.14128756063582346,0.003924654462106207,0.9432744004295279
30.175,0.17481636025885103,0.0048560100071903065,0.9642365772469713
30.2,0.2079036256002529,0.005775100711118137,0.985457694993166
30.225,0.1729709790462023,0.004804749417950064,0.9898468149901668
30.25,0.2183518455662676,0.006065329043507433,0.9909752454734275
30.275,0.2519255451837501,0.006997931810659725,0.9728029339151353
30.3,0.2528038934428884,0.007022330373413566,0.9613089443095857
30.325,0.22542110766594273,0.006261697435165075,0.9611114465819457
30.35,0.16063545795215578,0.004462096054226549,0.9782584963157027
30.375,0.2388786911118845,0.006635519197552347,0.9925659233176723
30.4,0.17396941060689858,0.004832483627969405,0.9822689797380755
30.425,0.1732839188210834,0.004813442189474539,0.9801896676295504
30.45,0.22330427514472528,0.0062028965317979246,0.9930716441767681
30.475,0.04121531764522974,0.001144869934589715,0.9930345462127859
30.5,0.08090051427712007,0.0022472365076977798,0.9867611902299578
30.525,0.15216369197939833,0.004226769221649954,0.9881768513110613
30.55,0.19851849106562525,0.005514402529600702,0.9904228480073529
30.575,0.0503451058465934,0.001398475162405372,0.9921488800032915
30.6,0.18393423809474138,0.005109284391520594,0.9915623140207349
30.625,0.22076945429075429,0.006132484841409841,0.9709959856859943
30.65,0.21950463802574716,0.0060973510562707545,0.949161642677317
30.675,0.1753171206136808,0.0048699200170466885,0.9585647944143433
30.7,0.01133605654062836,0.00031489045946189894,0.9887984003804675
30.725,0.08319371130304021,0.0023109364250844503,0.9946599676330592
30.75,0.12930023710996216,0.003591673253054504,0.9856682721439393
30.775,-0.013877328262617745,-0.00038548134062827067,0.9573408313676656
30.8,-3.959717246725144,-0.10999214574236511,0.962080246779706
30.825,-0.35439395513184485,-0.009844276531440134,0.9778468363525796
30.85,0.17536202207691795,0.004871167279914388,0.9825936410408727
30.875,0.20328951559153763,0.0056469309886538225,0.9675294253326624
30.9,0.2412539636506,0.006701498990294445,0.9355542155243073
30.925,0.23173009000079103,0.006436946944466417,0.9445487851168971
30.95,0.2621948336847871,0.007283189824577418,0.9736522808871085
30.975,0.22428473150371675,0.006230131430658798,0.8944255167520889
31.0,0.2039743637231425,0.00566595454786507,0.8953447448260567
31.025,0.18398842861607098,0.00511078968377975,0.8909286515233843
31.05,0.21617552475112864,0.006004875687531351,0.8307672499161948
31.075,0.18801819852428756,0.005222727736785765,0.8725535217437792
31.1,0.19744660412349804,0.00548462789231939,0.872604247195827
31.125,0.20492662718392632,0.00569240631066462,0.8716312775148723
31.15,0.211290957769125,0.005869193271364583,0.8595319429623961
31.175,0.223720713958526,0.006214464276625723,0.8114461412366366
31.2,0.2273350715974537,0.006314863099929269,0.7951846468243211
31.225,0.232742468808304,0.006465068578008444,0.9017423734749525
31.25,0.22929608867277113,0.006369335796465865,0.8927106105145961
31.275,0.21794977592436696,0.006054160442343527,0.8819574036810122
31.3,0.17415517711436485,0.004837643808732357,0.9060218501886309
31.325,0.18310209756951948,0.005086169376931097,0.8911661692442457
31.35,0.15147354089828374,0.00420759835828566,0.8777052470047899
31.375,0.16508279512190216,0.004585633197830616,0.844404609560842
31.4,0.17144432011621513,0.00476234222545042,0.7951510295785503
31.425,0.16075154565715422,0.004465320712698728,0.702364777193781
31.45,0.13703401309721572,0.0038065003638115473,0.7367722466778021
31.475,0.13593307901014604,0.0037759188613929453,0.8100385029783677
31.5,0.13457457307952933,0.0037381825855424813,0.8583400363649308
31.525,0.21483414820327873,0.005967615227868854,0.8997561088658345
31.55,0.1683986296623327,0.004677739712842576,0.9913696248145347
31.575,0.16017469042297425,0.0044492969561937285,0.9938671394061688
31.6,0.17923426067947787,0.00497872946331883,0.9959540034696781
31.625,0.21339479676373835,0.0059276332434371765,0.9980792872518305
31.65,0.07299819088492251,0.0020277275245811806,0.9960959454000604
31.675,0.24185936211090917,0.006718315614191921,0.9929456823096185
31.7,0.21830066450175897,0.006063907347271083,0.9662739212505362
31.725,0.19687025057290597,0.00546861807146961,0.9590645310725326
31.75,0.14819662098283368,0.0041165728050787135,0.9797452885397447
31.775,-0.16454462037535827,-0.004570683899315507,0.9762740673111339
31.8,-0.30124462622893633,-0.008367906284137121,0.978003804598345
31.825,-0.001193992990686744,-3.316647196352067e-05,0.972136934817411
31.85,0.14570355838900326,0.004047321066361202,0.9625143131913408
31.875,0.22951415024534264,0.0063753930623706295,0.9749450141099315
31.9,0.22571045396614794,0.006269734832392999,0.9863599553160487
31.925,0.18805176312826205,0.005223660086896168,0.9938296150994671
31.95,0.20598757788162328,0.005721877163378425,0.9821174034132144
31.975,0.1980038884344162,0.0055001080120671165,0.9734763714658264
32.0,0.04426355448236787,0.0012295431800657742,0.970675485896359
32.025,-0.32552329540435987,-0.00904231376123222,0.9705039413529715
32.05,0.10067020029461085,0.0027963944526280793,0.981188306578387
32.075,0.15491691093890328,0.0043032475260806466,0.9637912666723609
32.1,0.12528734398663863,0.003480203999628851,0.9711137717210401
32.125,-0.35869832745310676,-0.009963842429252965,0.9864724628343743
32.15,-0.05789519297718614,-0.0016081998049218373,0.9831916032805271
32.175,0.2062012904512326,0.00572781362364535,0.9696116119230438
32.2,0.22281523122084018,0.006189311978356672,0.9554244803737442
32.225,0.22651372046226606,0.0062920477906185015,0.9597462608307911
32.25,0.17715264607457604,0.00492090683540489,0.9760855714573405
32.275,0.07651726777993002,0.002125479660553612,0.991736059472232
32.3,0.09225238344356501,0.0025625662067656945,0.9897012530938116
32.325,0.20763174526251701,0.005767548479514361,0.9744861349343168
32.35,0.21811483822350783,0.006058745506208551,0.9680758835337602
32.375,-0.5116258194959613,-0.014211828319332258,0.9348842051927759
32.4,-0.4223017807099269,-0.011730605019720192,0.9350847025287968
32.425,0.15735092064992162,0.004370858906942267,0.9757886025951046
32.45,0.13761592696787736,0.0038226646379965934,0.969639524725593
32.475,0.10952287738931037,0.0030423021497030657,0.9793534001877036
32.5,0.19760302426639778,0.005488972896288827,0.9869755512372224
32.525,0.2669321299576829,0.007414781387713414,0.9890759247961473
32.55,0.24523391293791824,0.0068120531371643955,0.978508743446926
32.575,0.21641347970591449,0.006011485547386513,0.9704322719174071
32.6,0.026223606365003746,0.0007284335101389929,0.9721116424780485
32.625,-0.4459735161927788,-0.012388153227577189,0.9811494681250262
32.65,-0.13212525385817656,-0.0036701459405049045,0.9884895474994848
32.675,0.04442614216193932,0.0012340595044983145,0.9625828691863917
32.7,0.04651321310800328,0.0012920336974445354,0.9591271054305429
32.725,0.07033284006815689,0.001953690001893247,0.9875743207526761
32.75,0.22718383597718045,0.006310662110477235,0.9928109977461559
32.775,0.2661589875656404,0.007393305210156677,0.9850311875578944
32.8,0.2686356995963013,0.007462102766563924,0.9856662175255673
32.825,0.23992022821870304,0.0066644507838528625,0.984174701357749
32.85,0.2053938221556278,0.005705383948767438,0.9864358588576733
32.875,0.10539092744455852,0.002927525762348848,0.9848824023058168
32.9,0.1576303211497895,0.004378620031938597,0.9708094021287814
32.925,0.20354249309170813,0.005653958141436337,0.9802285115778284
32.95,0.20406297103216056,0.00566841586200446,0.9804853857402847
32.975,-0.3890420518597618,-0.010806723662771162,0.977833154191652
33.0,-0.358372427247795,-0.009954789645772082,0.9829325282537702
33.025,-0.08507698289142025,-0.0023632495247616738,0.9851919705394134
33.05,0.15432733887551586,0.004286870524319885,0.9905671171361037
33.075,0.14872013144358276,0.004131114762321744,0.9910184563323619
33.1,0.15994796271437048,0.004442998964288069,0.9873490522205743
33.125,-0.08640063795584839,-0.0024000177209957886,0.9657179159243134
33.15,0.23199271564297116,0.006444242101193644,0.9481356050629345
33.175,0.24461625798626824,0.006794896055174118,0.9479565394560412
33.2,0.24409714465270269,0.006780476240352853,0.9553222942377336
33.225,0.25077199010405193,0.0069658886140014425,0.9913395028234026
33.25,-0.05644046606358523,-0.0015677907239884784,0.9576901598935315
33.275,-0.02636365323879909,-0.0007323237010777525,0.9548180394977388
33.3,0.13606327372581303,0.003779535381272584,0.9651465082374918
33.325,0.11419458909861133,0.0031720719194058703,0.9472317840759801
33.35,0.10754253388408283,0.0029872926078911895,0.9655363141001261
33.375,0.1526130556074589,0.004239251544651636,0.9707674906092013
33.4,0.20136042662364345,0.005593345183990096,0.9630725518046023
33.425,0.25506364337488224,0.00708510120485784,0.9752325376108102
33.45,0.20223446712045884,0.005617624086679413,0.9861551012275945
33.475,0.09286023254171259,0.002579450903936461,0.9897830667020494
33.5,0.19184768395346152,0.005329102332040598,0.9955714255742423
33.525,0.2157155697416084,0.005992099159489123,0.9962664682114266
33.55,0.26142627755469294,0.0072618410431859156,0.9971752356279517
33.575,-0.09466987387441955,-0.0026297187187338763,0.9831381796443937
33.6,-0.05032112109173665,-0.001397808919214907,0.9751473068895717
33.625,0.1897372178175431,0.005270478272709531,0.9756110073917992
33.65,0.21684672255485063,0.006023520070968073,0.9769844247276163
33.675,0.25602125882016913,0.007111701633893587,0.989790239595087
33.7,-0.08946922360128624,-0.00248525621114684,0.9835564992483051
33.725,-0.04169548355316144,-0.0011582078764767066,0.983006454375729
33.75,0.23260237234348907,0.006461177009541363,0.9936883077647429
33.775,0.0034011959778588625,9.447766605163508e-05,0.9898347739125348
33.8,0.052837727715385016,0.0014677146587606948,0.9762549159764259
33.825,0.1752830073687734,0.004868972426910372,0.9807933895353024
33.85,0.2455112927339042,0.0068197581314973395,0.9837303027289372
33.875,0.2203836549905658,0.006121768194182383,0.9668426800853754
33.9,0.20502466359694063,0.005695129544359462,0.9727791939486301
33.925,0.14609723272561395,0.004058256464600388,0.9770476883432162
33.95,-0.3368763278709267,-0.009357675774192407,0.9690276525063294
33.975,0.15280531824773133,0.004244592173548092,0.9524019589989385
34.0,0.24900968599081638,0.006916935721967122,0.9688392806902334
34.025,0.25147351244853344,0.006985375345792596,0.9914015527110316
34.05,-0.42000958971550556,-0.011666933047652933,0.9829605549899422
34.075,-0.9543326973459932,-0.026509241592944256,0.9803268396546027
34.1,0.23919370360290565,0.006644269544525157,0.9813798502091858
34.125,0.25608709640694516,0.007113530455748476,0.9766393617646978
34.15,0.2581577491088622,0.007171048586357282,0.9761065983558821
34.175,0.23167265997601447,0.006435351666000402,0.986491016359058
34.2,0.19295556020835872,0.0053598766724544085,0.9946779659350052
34.225,0.22173398045408677,0.006159277234835744,0.9897368869187934
34.25,0.23915014748008118,0.006643059652224477,0.9887208135498928
34.275,8.301305602238101e-07,2.305918222843917e-08,0.992833913347462
34.3,-0.44177203828126893,-0.012271445507813025,0.9906978135020762
34.325,-0.3767160644277665,-0.010464335122993515,0.991584202239112
34.35,0.09630990639957702,0.0026752751777660284,0.982555324722874
34.375,0.1378524498959009,0.0038292347193305803,0.9782032359003255
34.4,0.1409126874942187,0.003914241319283853,0.9836180377505285
34.425,-0.3403289628118173,-0.009453582300328257,0.9784187883552945
34.45,0.13812826406757459,0.0038368962240992936,0.9816376201105063
34.475,0.2653232301264105,0.007370089725733626,0.9810412732719945
34.5,0.2547055060324676,0.007075152945346322,0.9702673643894844
34.525,0.07391234283740293,0.0020531206343723037,0.9759712015752019
34.55,0.217627566482714,0.006045210180075389,0.9953779625678643
34.575,-0.21099358130417709,-0.005860932814004919,0.9816648510408557
34.6,0.10767699833941004,0.002991027731650279,0.9784146261565396
34.625,0.1147943854401359,0.003188732928892664,0.9853706056260852
34.65,-0.42662987004307296,-0.011850829723418693,0.9765475888862201
34.675,-0.08252839074700488,-0.0022924552985279134,0.9780222587602413
34.7,0.24777376419838165,0.006882604561066157,0.99219618109838
34.725,0.25449446060383035,0.007069290572328621,0.9901131814597385
34.75,0.21706953840258145,0.006029709400071707,0.9865108961986756
34.775,0.04550597398620638,0.001264054832950177,0.980966239861224
34.8,0.02970474116539406,0.0008251316990387238,0.9784157312605753
34.825,0.16487994952898805,0.004579998598027446,0.954175748192635
34.85,0.15737489883840594,0.004371524967733499,0.9394431899712173
34.875,0.12407693535599298,0.003446581537666472,0.9663274062959646
34.9,0.13979968398867335,0.0038833245552409262,0.972438146750036
34.925,0.11335160211515616,0.003148655614309893,0.9609046786502263
34.95,0.15015975280487548,0.004171104244579874,0.9730559826895294
34.975,0.18623274342561122,0.005173131761822534,0.9819934752398023
35.0,0.17099262583425684,0.00474979516206269,0.9776473512619996
35.025,0.1461563791499054,0.004059899420830706,0.9646323343712309
35.05,0.14467729149605116,0.004018813652668088,0.9469018993591298
35.075,0.2351824640727077,0.006532846224241881,0.9534452688494446
35.1,0.24866779128981653,0.0069074386469393486,0.9538474253366107
35.125,0.22468374015259904,0.006241215004238862,0.9570187658351224
35.15,0.12809460195814693,0.0035581833877263037,0.9806211257621117
35.175,-1.544107794742737,-0.04289188318729825,0.9626398414853329
35.2,-0.18819899724011432,-0.005227749923336509,0.960750633146927
35.225,0.10467973253195517,0.0029077703481098656,0.9732848776652474
35.25,0.10219501448826682,0.0028387504024518563,0.9699994399714166
35.275,0.058315999325383526,0.0016198888701495424,0.969779942050233
35.3,0.15565484904552204,0.0043237458068200564,0.944209571677349
35.325,0.19725264652550742,0.0054792401812640956,0.9491349330300352
35.35,0.2120919733007169,0.005891443702797692,0.9725206194141461
35.375,0.22665382834601527,0.006295939676278202,0.9876515806556373
35.4,0.22843799617444793,0.0063454998937346645,0.99574812460397
35.425,0.24274523343578253,0.006742923150993959,0.9970111157272843
35.45,0.13265187229402303,0.0036847742303895287,0.9888205741977316
35.475,0.11759173404847029,0.0032664370569019524,0.978751253948285
35.5,0.22008994287416414,0.006113609524282337,0.9757350541826384
35.525,0.2280026365876197,0.006333406571878326,0.9700193670944445
35.55,0.21274111404129975,0.005909475390036104,0.9811249620125511
35.575,0.19571672391040687,0.005436575664177969,0.9742709405302246
35.6,0.178578347739187,0.004960509659421861,0.964808906378981
35.625,0.2339403612427872,0.0064983433678552,0.9825345023429429
35.65,0.2486280525009317,0.006906334791692547,0.9861480530619618
35.675,0.21610518173917456,0.006002921714977071,0.9658268080776002
35.7,0.2247420002787883,0.0062428333410774525,0.9567425964857785
35.725,0.2399815077473076,0.006666152992980766,0.9532480620898208
35.75,0.23434501583321266,0.006509583773144796,0.9609403789156623
35.775,0.21045666542465225,0.005846018484018118,0.9810563890237626
35.8,0.1985253942539508,0.0055145942848319664,0.9650768111441119
35.825,0.18767707462647934,0.0052132520729577594,0.9704648268347901
35.85,0.057553167088754895,0.001598699085798747,0.9715248629706615
35.875,0.05854796750745754,0.0016263324307627094,0.9678983522415244
35.9,0.1792211029579928,0.0049783639710553555,0.9830928706418475
35.925,0.23614015322011728,0.006559448700558813,0.9872893910587098
35.95,0.1211094925213143,0.003364152570036508,0.9870261121455413
35.975,-0.5796914034798097,-0.016102538985550273,0.9869150907038101
36.0,0.20749068253965697,0.005763630070546027,0.9876309324214191
36.025,0.24723193194293341,0.006867553665081484,0.9653283330146238
36.05,0.2412121927015699,0.00670033868615472,0.9603393958169428
36.075,0.22085138019552336,0.00613476056098676,0.9710236423275224
36.1,0.15170749755539384,0.004214097154316495,0.9815773945308925
36.125,0.17253793040224003,0.004792720288951112,0.99404109019421
36.15,0.24094962004114823,0.006693045001143007,0.9918704811090213
36.175,0.23774500963615527,0.006604028045448758,0.9757021148129761
36.2,0.21601267120756482,0.006000351977987911,0.9805029377887902
36.225,0.19271193088733343,0.005353109191314817,0.9896160520949663
36.25,0.15586016912011677,0.004329449142225466,0.9810121979004613
36.275,0.16298928973631077,0.004527480270453077,0.9799162693944146
36.3,0.14655204075787304,0.004070890021052029,0.9785147700754178
36.325,0.09552305749894528,0.002653418263859591,0.9820074723403416
36.35,0.21179493367351185,0.005883192602041996,0.9921310232460675
36.375,0.24076693040439298,0.0066879702890109164,0.9867001185972617
36.4,0.21619211683198591,0.0060053365786662755,0.9616652560384854
36.425,0.20279006530274618,0.005633057369520727,0.9708577105859312
36.45,-0.3866853961359086,-0.010741261003775239,0.9780461078032621
36.475,-0.720994024532957,-0.02002761179258214,0.9801086457062215
36.5,0.27383785029200236,0.007606606952555621,0.9973080325300385
36.525,0.13612437705592811,0.003781232695998003,0.9864611937303497
36.55,0.06898823568442276,0.0019163398801228546,0.9656119109340137
36.575,-0.11289542341172364,-0.00313598398365899,0.9669208959824614
36.6,0.20723089781473225,0.005756413828187007,0.978107442841125
36.625,0.2550728915005523,0.007085358097237563,0.9730807110253941
36.65,0.22689716578993677,0.006302699049720466,0.9748725615958953
36.675,0.08411877700864243,0.0023366326946845117,0.965108693093879
36.7,0.04475794816286938,0.0012432763378574828,0.9674189413028371
36.725,0.08479079736697671,0.0023552999268604646,0.987103840873757
36.75,0.15138259212989644,0.004205072003608234,0.9673705338168783
36.775,0.1664512635168758,0.004623646208802105,0.9766036961056218
36.8,0.17474076765201005,0.004853910212555834,0.9878526329541121
36.825,-0.12262418323350192,-0.00340622731204172,0.9862558983288076
36.85,-0.04656988488220264,-0.0012936079133945178,0.9899046660422774
36.875,-0.508663115085697,-0.014129530974602693,0.9805951298445982
36.9,-0.7225149595136249,-0.02006985998648958,0.9773907791605029
36.925,-0.10587846947171205,-0.002941068596436446,0.9770802358361488
36.95,0.012903223623906735,0.00035842287844185377,0.979972295995364
36.975,0.15180226624907145,0.004216729618029762,0.975443274320929
37.0,0.21519981390892984,0.005977772608581384,0.9570526326197867
37.025,0.2453786328802069,0.006816073135561302,0.9582282590863588
37.05,0.24382646717358905,0.006772957421488584,0.9746317260055265
37.075,0.09405603219791243,0.002612667561053123,0.9625936504399873
37.1,-0.2220530431259355,-0.006168140086831541,0.9578332883942353
37.125,0.07134706919854934,0.0019818630332930375,0.9821000770040028
37.15,0.10532789540128247,0.0029257748722578466,0.9735115159644555
37.175,0.09478930035334682,0.0026330361209263003,0.9513080835638865
37.2,0.06392530539937451,0.001775702927760403,0.9542517013832755
37.225,0.19063024796539382,0.005295284665705384,0.9620248400197757
37.25,0.22792054048541974,0.006331126124594993,0.9533764460273786
37.275,0.24022850110061011,0.006673013919461392,0.9663036078825489
37.3,0.18527053073935967,0.00514640363164888,0.9884058067661602
37.325,-0.05775101385353088,-0.0016041948292647467,0.9815521711917893
37.35,-0.4597460076209288,-0.012770722433914689,0.9688761332019686
37.375,-0.6375209026851408,-0.017708913963476135,0.9649553223573895
37.4,-1.2529471160635217,-0.03480408655732005,0.9556718115340244
37.425,-0.8565037765824346,-0.023791771571734295,0.966525235181334
37.45,0.1950006225119278,0.005416683958664661,0.9746283908394676
37.475,0.20494237330551449,0.005692843702930958,0.9461553722653546
37.5,0.18987943383870315,0.0052744287177417535,0.9539806761890331
37.525,0.09266453923186373,0.0025740149786628815,0.9736437556927152
37.55,0.05661446313115723,0.0015726239758654787,0.9781471212363527
37.575,0.10697149275100283,0.002971430354194523,0.9831198152940859
37.6,0.07530383731014234,0.002091773258615065,0.9647986098791682
37.625,0.05204231133502191,0.0014456197593061642,0.9522895979682947
37.65,0.10206259906492654,0.0028350721962479594,0.9549010011749883
37.675,0.19136058684133192,0.0053155718567036644,0.9700341247748793
37.7,0.20471907360909727,0.0056866409335860355,0.974428066475119
37.725,0.2252549571050963,0.006257082141808231,0.9555697395434305
37.75,0.24887327994289085,0.006913146665080302,0.9678590004452794
37.775,0.1656768205233785,0.004602133903427182,0.9810250890393827
37.8,-0.0434045402762916,-0.0012056816743414333,0.97692229737768
37.825,0.27181384895225075,0.007550384693118076,0.9876548958937287
37.85,0.27963548646111547,0.0077676524016976525,0.9903808289844894
37.875,0.07926314065069226,0.002201753906963674,0.9858789265638532
37.9,-0.7253367682151104,-0.020148243561530846,0.9825602383880879
37.925,-0.3458486209706515,-0.009606906138073653,0.9822634319583835
37.95,0.2259807589414065,0.006277243303927959,0.98029484904481
37.975,0.2053515652868524,0.00570421014685701,0.9617262219771069
38.0,0.20133279118636874,0.005592577532954687,0.9586224410106828
38.025,0.2257505984426992,0.0062708499567416445,0.986543170170062
38.05,0.21561125001161802,0.005989201389211611,0.9927820421827922
38.075,0.21263944016432423,0.005906651115675674,0.9896432562643463
38.1,0.17598385821989337,0.004888440506108149,0.9920348153883548
38.125,-0.2741015205347635,-0.007613931125965653,0.9931562507846501
38.15,-0.38791288261231327,-0.010775357850342036,0.9947059337225658
38.175,0.04822988499825376,0.001339719027729271,0.9930559638444789
38.2,0.16786700737020574,0.004662972426950159,0.9792878815149574
38.225,0.17251331784237234,0.004792036606732565,0.9729366851085255
38.25,0.1500773317990536,0.004168814772195934,0.985716805723192
38.275,0.0430379251276995,0.0011954979202138752,0.978117971052497
38.3,0.25351546180203843,0.007042096161167734,0.9723321434682916
38.325,0.2438068257431433,0.006772411826198425,0.9731421938816304
38.35,0.17872175345487376,0.004964493151524271,0.9263948259612567
38.375,0.1469657143217971,0.004082380953383253,0.9356829315722774
38.4,0.184274651329194,0.005118740314699833,0.9925855996098579
38.425,0.1096354437963646,0.003045428994343461,0.9832950709853606
38.45,0.1336070383348879,0.0037113066204135527,0.984340814416912
38.475,0.07481581329136783,0.0020782170358713287,0.9805633112741606
38.5,-4.082544972882925,-0.11340402702452569,0.9582256364555838
38.525,-0.017094156326130074,-0.00047483767572583535,0.962212994941655
38.55,0.25171877007069976,0.006992188057519437,0.9905732146524069
38.575,0.1901475403531426,0.005281876120920628,0.9905339310023435
38.6,-0.41439357695426765,-0.011510932693174101,0.9757583179608488
38.625,-4.47773597011155,-0.12438155472532084,0.9713837338796818
38.65,-1.212909768581774,-0.03369193801616039,0.9441138709324611
38.675,0.1340898351461564,0.0037247176429487895,0.966360580304499
38.7,0.12621115712996622,0.003505865475832395,0.9494113850815625
38.725,0.12595590324448838,0.0034987750901246772,0.965644505609808
38.75,0.16605940796421748,0.004612761332339375,0.9816642415002261
38.775,0.16442004082265113,0.004567223356184753,0.9614586380422778
38.8,0.18780651110914975,0.005216847530809716,0.9530238844591759
38.825,0.1935699811597793,0.005376943921104981,0.9755660003876075
38.85,0.19856013594598715,0.005515559331832977,0.9797238053752033
38.875,0.18265825209645167,0.005073840336012546,0.9762281178862579
38.9,0.18381289393880892,0.00510591372052247,0.9751947122774193
38.925,0.20434851992079062,0.005676347775577517,0.9351293833217841
38.95,0.19873114709863812,0.005520309641628837,0.8918249804211382
38.975,0.19977925105943192,0.005549423640539775,0.8601487784983403
39.0,0.2110534740204893,0.005862596500569147,0.9216577530273183
39.025,0.21053802575951572,0.005848278493319881,0.9591809884680232
39.05,0.19027131201240005,0.0052853142225666675,0.9672291584784579
39.075,0.17784763526815933,0.004940212090782204,0.9693695124770386
39.1,0.1795619830582402,0.004987832862728895,0.9692002127859458
39.125,0.1976148805921257,0.005489302238670158,0.9727263876292146
39.15,0.1438994450088397,0.003997206805801103,0.9453683860651662
39.175,0.13342378306040545,0.0037062161961223736,0.9548604843811251
39.2,0.1344428498270438,0.003734523606306772,0.9753619366963016
39.225,-0.08747933747040985,-0.0024299815964002737,0.9629210800473373
39.25,-2.4643594159996893,-0.06845442822221359,0.9685147193950004
39.275,-0.5886822104568583,-0.01635228362380162,0.9736769664934439
39.3,-0.33498406221078486,-0.00930511283918847,0.9559166658406766
39.325,-0.10388649237944436,-0.00288573589942901,0.9582439995115
39.35,0.07423983018429402,0.0020622175051192783,0.9654426327772846
39.375,0.16848179089228418,0.004680049747007894,0.9692747046301341
39.4,0.1983200713488899,0.005508890870802498,0.9747600168878459
39.425,0.20510594386003655,0.0056973873294454596,0.9751847723477333
39.45,0.1597474867802739,0.004437430188340942,0.9820923085270938
39.475,0.1635809812816194,0.00454391614671165,0.9835217591391673
39.5,0.032925903312009994,0.0009146084253336109,0.963553026682078
39.525,0.13978172607326525,0.003882825724257368,0.9672112550057252
39.55,0.24829903763801436,0.0068971954899448434,0.9843249103948611
39.575,0.17921116379376448,0.004978087883160125,0.9499393381214062
39.6,0.010455198965023326,0.0002904221934728702,0.9612396340027212
39.625,0.1675928255547176,0.004655356265408822,0.9888764663085972
39.65,0.14313126452922906,0.003975868459145252,0.9786360627308166
39.675,0.0022889264211868607,6.35812894774128e-05,0.9690633819774682
39.7,-0.44544740190330434,-0.012373538941758454,0.9709240423418994
39.725,-0.18971568647657114,-0.005269880179904754,0.9702509835411688
39.75,0.17380557268859945,0.004827932574683318,0.9756150461002507
39.775,0.20105175392375704,0.005584770942326585,0.9860788433030451
39.8,-0.019795643974631703,-0.000549878999295325,0.990897501444051
39.825,-0.14301866417614575,-0.003972740671559605,0.9920637946854458
39.85,0.2059789235430374,0.005721636765084372,0.9671501965148703
39.875,0.24252543735750803,0.006736817704375223,0.9512674771448677
39.9,0.24493094082327477,0.006803637245090966,0.9570057164902342
39.925,0.22643436653037954,0.006289843514732765,0.9713577366989519
39.95,0.18310888306182105,0.005086357862828362,0.9865715321889462
39.975,0.11018773058412545,0.003060770294003485,0.9969439536409452
40.0,0.2375849046122477,0.006599580683673547,0.9863719213557791
40.025,0.24124099268346613,0.006701138685651837,0.9733359892030378
40.05,-0.07156613036899599,-0.0019879480658054442,0.9654140079456242
40.075,-0.21132287682395012,-0.005870079911776392,0.9657949633181588
40.1,0.09065544925013302,0.002518206923614806,0.9443886019246667
40.125,0.11327759536966407,0.0031465998713795574,0.9439278827387897
40.15,0.12020068615253592,0.003338907948681553,0.9829636470642613
40.175,0.12204718593395195,0.003390199609276443,0.9854850581132991
40.2,0.2613891446017976,0.007260809572272155,0.9869963570197916
40.225,0.2352537057358248,0.006534825159328467,0.9706350548112195
40.25,0.16684540447600493,0.004634594568777915,0.9579611183721413
40.275,0.007543083802515412,0.0002095301056254281,0.9809223137162479
40.3,0.17928179695066923,0.004980049915296367,0.996945608347958
40.325,0.04635191640910889,0.0012875532335863582,0.9949032362696668
40.35,0.1298434347187335,0.003606762075520375,0.9932665152502734
40.375,0.029034845659909263,0.0008065234905530351,0.9698968225390455
40.4,-4.717224345789376,-0.13103400960526043,0.9539640336123753
40.425,-5.1939618449677525,-0.1442767179157709,0.9570231260693608
40.45,0.0833250050695229,0.0023145834741534134,0.9678174388808545
40.475,0.21749288385563184,0.006041468995989774,0.9817835405129073
40.5,0.2671586101334493,0.007421072503706925,0.9951797113475247
40.525,0.19795272429883326,0.005498686786078701,0.9863379421345534
40.55,0.03972107198442258,0.001103363110678405,0.9639594819660883
40.575,0.1228921680309848,0.003413671334194022,0.9706071957578596
40.6,0.1807620611458982,0.005021168365163839,0.9773638158071434
40.625,0.19075759902449432,0.005298822195124842,0.9849922790001877
40.65,0.1098566307373723,0.0030515730760381195,0.991283663896361
40.675,-0.11258744746470312,-0.0031274290962417534,0.9895910925716478
40.7,-0.2881094197720178,-0.008003039438111606,0.9858935114059998
40.725,-0.28017368472723225,-0.007782602353534228,0.9843058746366564
40.75,-1.15701996464716,-0.032139443462421105,0.9720664073800692
40.775,-0.465542246435296,-0.012931729067647111,0.9697244874817081
40.8,-0.10517743159509906,-0.0029215953220860847,0.9733902948026772
40.825,0.21826419296683272,0.006062894249078687,0.9571537034199274
40.85,0.23506500095761726,0.006529583359933813,0.9568894642301801
40.875,0.23414635774597198,0.006504065492943666,0.9722236482702201
40.9,0.14408077069717096,0.004002243630476971,0.9721986593785102
40.925,-0.14831333667634286,-0.004119814907676191,0.9625331366575037
40.95,0.0598836905697185,0.0016634358491588472,0.9797361845312382
40.975,0.06500898192597414,0.0018058050534992818,0.9681388374525686
